date,pr,rmax,rmin,srad,tmin,tmax,tavg,gdd,cgdd,plant,year,location,
1/1/2023,0,100,100,56.2,-2.25,-1.05,-1.65,0,,Winter wheat,2023,Othello,
1/2/2023,0,91.3,90.3,54,-2.05,-0.25,-1.15,0,,Winter wheat,2023,Othello,
1/3/2023,0.3,100,85.9,30.1,-4.05,0.25,-1.9,0,,Winter wheat,2023,Othello,
1/4/2023,0.4,97.9,72.4,54.4,-2.95,2.75,-0.1,0,,Winter wheat,2023,Othello,
1/5/2023,0,100,70.6,36.7,-1.85,5.85,2,2,,Winter wheat,2023,Othello,
1/6/2023,0.9,100,77.7,58.5,-2.75,5.15,1.2,1.2,,Winter wheat,2023,Othello,
1/7/2023,1.8,100,84.5,32.3,0.65,5.35,3,3,,Winter wheat,2023,Othello,
1/8/2023,1.7,100,87.5,39.8,0.55,5.65,3.1,3.1,,Winter wheat,2023,Othello,
1/9/2023,1.4,100,89.2,44.1,-1.05,4.45,1.7,1.7,,Winter wheat,2023,Othello,
1/10/2023,0,100,71.4,62.7,-1.65,6.15,2.25,2.25,,Winter wheat,2023,Othello,
1/11/2023,3.9,100,83.7,37.6,0.05,5.85,2.95,2.95,,Winter wheat,2023,Othello,
1/12/2023,4.3,100,98.2,22.9,2.05,6.05,4.05,4.05,,Winter wheat,2023,Othello,
1/13/2023,0.3,100,100,34.2,1.55,7.55,4.55,4.55,,Winter wheat,2023,Othello,
1/14/2023,0.6,100,89.7,54.7,1.35,9.35,5.35,5.35,,Winter wheat,2023,Othello,
1/15/2023,0,100,84.6,48.2,0.95,7.75,4.35,4.35,,Winter wheat,2023,Othello,
1/16/2023,0,100,71.8,59.8,-1.65,7.95,3.15,3.15,,Winter wheat,2023,Othello,
1/17/2023,0,100,79.2,66,-2.15,3.75,0.8,0.8,,Winter wheat,2023,Othello,
1/18/2023,1.1,100,77.7,37.9,-1.45,5.55,2.05,2.05,,Winter wheat,2023,Othello,
1/19/2023,0,100,53.9,68.8,-3.05,8.05,2.5,2.5,,Winter wheat,2023,Othello,
1/20/2023,0,95.2,56.1,68.5,-4.35,4.35,2.84E-14,2.84E-14,,Winter wheat,2023,Othello,
1/21/2023,0.6,100,68.9,54.9,-5.05,2.55,-1.25,0,,Winter wheat,2023,Othello,
1/22/2023,0,100,65.5,50.3,-4.25,4.85,0.3,0.3,,Winter wheat,2023,Othello,
1/23/2023,0,100,59.5,65.3,-4.55,4.85,0.15,0.15,,Winter wheat,2023,Othello,
1/24/2023,0,100,69.2,68.7,-5.25,3.05,-1.1,0,,Winter wheat,2023,Othello,
1/25/2023,0,100,64.3,70.3,-3.45,5.55,1.05,1.05,,Winter wheat,2023,Othello,
1/26/2023,0.6,100,68.3,72.1,-2.55,5.95,1.7,1.7,,Winter wheat,2023,Othello,
1/27/2023,0,100,50.3,68.2,0.95,12.45,6.7,6.7,,Winter wheat,2023,Othello,
1/28/2023,0,100,58.2,21.3,-7.25,4.65,-1.3,0,,Winter wheat,2023,Othello,
1/29/2023,0,66.1,29.9,84.5,-11.95,-0.65,-6.3,0,,Winter wheat,2023,Othello,
1/30/2023,0,52.7,22.3,81.4,-12.55,-0.75,-6.65,0,,Winter wheat,2023,Othello,
1/31/2023,0.6,62.7,49.5,49.8,-7.15,-2.65,-4.9,0,,Winter wheat,2023,Othello,
2/1/2023,0,97.1,55.9,85,-7.85,0.45,-3.7,0,,Winter wheat,2023,Othello,
2/2/2023,0,100,44.7,97.4,-8.05,4.75,-1.65,0,,Winter wheat,2023,Othello,
2/3/2023,0,100,58.9,72.9,-5.55,4.35,-0.6,0,,Winter wheat,2023,Othello,
2/4/2023,2.5,100,53.6,56.4,0.45,10.25,5.35,5.35,,Winter wheat,2023,Othello,
2/5/2023,3.6,100,96.2,43.4,-0.55,5.15,2.3,2.3,,Winter wheat,2023,Othello,
2/6/2023,0,100,60.5,54.7,0.55,9.25,4.9,4.9,,Winter wheat,2023,Othello,
2/7/2023,0,100,72.5,55.5,-0.85,7.95,3.55,3.55,,Winter wheat,2023,Othello,
2/8/2023,0,97.5,43.8,105.8,-2.75,9.15,3.2,3.2,,Winter wheat,2023,Othello,
2/9/2023,0,94,40.1,83.7,-3.35,9.15,2.9,2.9,,Winter wheat,2023,Othello,
2/10/2023,0,100,57.9,83.6,-3.95,6.85,1.45,1.45,,Winter wheat,2023,Othello,
2/11/2023,0,100,49.6,112.4,-4.85,8.75,1.95,1.95,,Winter wheat,2023,Othello,
2/12/2023,0,100,42.6,109.6,-3.65,9.85,3.1,3.1,,Winter wheat,2023,Othello,
2/13/2023,0,91,44.8,53.8,-1.35,9.35,4,4,,Winter wheat,2023,Othello,
2/14/2023,0,94.4,38.2,92.6,-4.75,8.35,1.8,1.8,,Winter wheat,2023,Othello,
2/15/2023,0,96.6,38.4,121.1,-6.25,6.95,0.35,0.35,,Winter wheat,2023,Othello,
2/16/2023,0,82.9,34.7,118.1,-4.95,7.45,1.25,1.25,,Winter wheat,2023,Othello,
2/17/2023,0,63.7,30.9,55.6,-0.25,10.15,4.95,4.95,,Winter wheat,2023,Othello,
2/18/2023,0,92.1,36.3,76.9,-1.45,12.25,5.4,5.4,,Winter wheat,2023,Othello,
2/19/2023,0,100,41.8,0,-1.05,12.25,5.6,5.6,,Winter wheat,2023,Othello,
2/20/2023,0,92.1,50.2,47.7,2.95,12.55,7.75,7.75,,Winter wheat,2023,Othello,
2/21/2023,0,100,47.2,49.2,-5.35,8.75,1.7,1.7,,Winter wheat,2023,Othello,
2/22/2023,0,100,79.4,29.2,-10.95,-4.05,-7.5,0,,Winter wheat,2023,Othello,
2/23/2023,0,52.7,29.7,112.2,-13.35,-5.95,-9.65,0,,Winter wheat,2023,Othello,
2/24/2023,0,18.9,7.1,127.6,2.85,11.75,7.3,7.3,,Winter wheat,2023,Othello,
2/25/2023,0,29.5,11.9,138.5,1.65,12.15,6.9,6.9,,Winter wheat,2023,Othello,
2/26/2023,0,72.7,30.3,107,-4.35,7.95,1.8,1.8,,Winter wheat,2023,Othello,
2/27/2023,0,89.4,43,109.2,-4.95,5.75,0.4,0.4,,Winter wheat,2023,Othello,
2/28/2023,0,47,28.1,138.4,4.55,11.85,8.2,8.2,,Winter wheat,2023,Othello,
3/1/2023,1.6,52.1,19.2,164.9,1.05,11.85,6.45,6.45,,Winter wheat,2023,Othello,
3/2/2023,0,84,29.1,87.4,-2.25,11.15,4.45,4.45,,Winter wheat,2023,Othello,
3/3/2023,0,85.2,32.5,150.7,-3.05,9.15,3.05,3.05,,Winter wheat,2023,Othello,
3/4/2023,0,79.3,30.3,101.3,-1.85,10.15,4.15,4.15,,Winter wheat,2023,Othello,
3/5/2023,1.5,79,32.5,177.9,-1.85,9.25,3.7,3.7,,Winter wheat,2023,Othello,
3/6/2023,0.3,90.8,45.5,126,-2.45,6.55,2.05,2.05,,Winter wheat,2023,Othello,
3/7/2023,0,87.9,30.6,173.6,-3.35,10.05,3.35,3.35,,Winter wheat,2023,Othello,
3/8/2023,0.4,84.7,29.6,121.9,-3.65,9.55,2.95,2.95,,Winter wheat,2023,Othello,
3/9/2023,4.5,97.4,36.2,158.9,-3.55,9.35,2.9,2.9,,Winter wheat,2023,Othello,
3/10/2023,1.9,100,57.6,53,-2.05,5.95,1.95,1.95,,Winter wheat,2023,Othello,
3/11/2023,0,100,37.3,148.2,-2.45,10.85,4.2,4.2,,Winter wheat,2023,Othello,
3/12/2023,1.2,100,44.5,100.7,-1.05,10.15,4.55,4.55,,Winter wheat,2023,Othello,
3/13/2023,2.7,100,42.8,103.6,-0.75,14.15,6.7,6.7,,Winter wheat,2023,Othello,
3/14/2023,0,85.3,36.1,197.3,-2.05,8.95,3.45,3.45,,Winter wheat,2023,Othello,
3/15/2023,0,85.8,27,200,-2.95,11.65,4.35,4.35,,Winter wheat,2023,Othello,
3/16/2023,0,82.2,23.8,200.8,-3.05,12.35,4.65,4.65,,Winter wheat,2023,Othello,
3/17/2023,0,77.9,23.2,214.8,-1.65,13.35,5.85,5.85,,Winter wheat,2023,Othello,
3/18/2023,0,78.5,22,214.6,-0.35,15.55,7.6,7.6,,Winter wheat,2023,Othello,
3/19/2023,0.7,74,22.5,205.4,0.95,15.75,8.35,8.35,,Winter wheat,2023,Othello,
3/20/2023,2,82,59,118,4.55,8.85,6.7,6.7,,Winter wheat,2023,Othello,
3/21/2023,0,100,39.2,201.8,1.35,14.35,7.85,7.85,,Winter wheat,2023,Othello,
3/22/2023,0,75.7,21.2,222.4,0.05,15.85,7.95,7.95,,Winter wheat,2023,Othello,
3/23/2023,0,79.8,26.4,188.9,-0.05,13.95,6.95,6.95,,Winter wheat,2023,Othello,
3/24/2023,0,84.9,30.4,131.7,-2.55,10.45,3.95,3.95,,Winter wheat,2023,Othello,
3/25/2023,0,86.6,31.9,117.5,-2.75,9.95,3.6,3.6,,Winter wheat,2023,Othello,
3/26/2023,0,82.6,28.5,202.2,-2.25,11.15,4.45,4.45,,Winter wheat,2023,Othello,
3/27/2023,0,72.9,26.2,234.9,-0.25,12.35,6.05,6.05,,Winter wheat,2023,Othello,
3/28/2023,0.4,61.5,28,167.3,3.05,12.25,7.65,7.65,,Winter wheat,2023,Othello,
3/29/2023,0,73,39,130,2.85,10.65,6.75,6.75,,Winter wheat,2023,Othello,
3/30/2023,0,97.5,30.2,196.9,-0.05,15.55,7.75,7.75,,Winter wheat,2023,Othello,
3/31/2023,1.3,87.1,37.5,152.7,0.25,11.25,5.75,5.75,,Winter wheat,2023,Othello,
4/1/2023,0,100,39.7,142.9,-2.05,11.15,4.55,4.55,,Winter wheat,2023,Othello,
4/2/2023,1.5,83.7,35.5,104.8,-1.25,9.85,4.3,4.3,,Winter wheat,2023,Othello,
4/3/2023,1.4,91.1,38.8,175.3,-2.45,8.75,3.15,3.15,,Winter wheat,2023,Othello,
4/4/2023,0,100,34.8,132.8,-3.75,10.85,3.55,3.55,,Winter wheat,2023,Othello,
4/5/2023,0,82.4,23.9,257.3,-3.35,12.25,4.45,4.45,,Winter wheat,2023,Othello,
4/6/2023,2,71,27.5,134.3,2.65,14.65,8.65,8.65,,Winter wheat,2023,Othello,
4/7/2023,1.5,100,48,149.4,2.65,14.45,8.55,8.55,,Winter wheat,2023,Othello,
4/8/2023,0,91.9,36.8,191.7,1.95,14.35,8.15,8.15,,Winter wheat,2023,Othello,
4/9/2023,2.3,77.6,36.1,99,7.15,17.35,12.25,12.25,,Winter wheat,2023,Othello,
4/10/2023,10.5,100,79.3,81.5,6.15,12.65,9.4,9.4,,Winter wheat,2023,Othello,
4/11/2023,0,100,49.9,212,-1.95,12.25,5.15,5.15,,Winter wheat,2023,Othello,
4/12/2023,0,78.5,27.3,206.9,-1.95,11.35,4.7,4.7,,Winter wheat,2023,Othello,
4/13/2023,0,78.7,27.6,249.3,-0.95,12.35,5.7,5.7,,Winter wheat,2023,Othello,
4/14/2023,0,76.6,24.7,286.2,-0.45,13.85,6.7,6.7,,Winter wheat,2023,Othello,
4/15/2023,0,80.2,25.6,237.4,1.25,16.05,8.65,8.65,,Winter wheat,2023,Othello,
4/16/2023,0,99.8,34.4,174.1,0.45,14.95,7.7,7.7,,Winter wheat,2023,Othello,
4/17/2023,0.7,86.6,33.2,200.9,0.15,12.75,6.45,6.45,,Winter wheat,2023,Othello,
4/18/2023,0,85.5,32,261.8,-0.85,11.95,5.55,5.55,,Winter wheat,2023,Othello,
4/19/2023,0.4,80.6,25.8,153,-1.65,12.85,5.6,5.6,,Winter wheat,2023,Othello,
4/20/2023,3.8,93.4,36.6,267.2,-1.85,10.55,4.35,4.35,,Winter wheat,2023,Othello,
4/21/2023,0,96.5,40.7,228.6,1.55,13.35,7.45,7.45,,Winter wheat,2023,Othello,
4/22/2023,0,92,33.2,192,3.05,16.95,10,10,,Winter wheat,2023,Othello,
4/23/2023,1.2,88.3,38,145.3,7.05,18.75,12.9,12.9,,Winter wheat,2023,Othello,
4/24/2023,0,99.7,34.1,167.8,2.55,17.35,9.95,9.95,,Winter wheat,2023,Othello,
4/25/2023,0,91.1,26.4,302.8,2.35,19.05,10.7,10.7,,Winter wheat,2023,Othello,
4/26/2023,0,82.2,20.9,280.1,5.35,23.65,14.5,14.5,,Winter wheat,2023,Othello,
4/27/2023,0,77.5,21.2,306.6,6.25,23.45,14.85,14.85,,Winter wheat,2023,Othello,
4/28/2023,0,72.5,14,311.5,5.55,26.65,16.1,16.1,,Winter wheat,2023,Othello,
4/29/2023,0,72.5,15.3,307.3,8.55,29.05,18.8,18.8,,Winter wheat,2023,Othello,
4/30/2023,0,80.5,20.1,309.7,8.55,27.45,18,18,,Winter wheat,2023,Othello,
5/1/2023,0.6,82.7,31.7,310.6,8.35,22.15,15.25,15.25,,Winter wheat,2023,Othello,
5/2/2023,0,100,38.7,305.9,7.85,23.25,15.55,15.55,,Winter wheat,2023,Othello,
5/3/2023,0,91.8,23,332.1,10.55,31.05,20.8,20.8,,Winter wheat,2023,Othello,
5/4/2023,0.5,84.5,29.7,314.5,10.45,25.75,18.1,18.1,,Winter wheat,2023,Othello,
5/5/2023,0.3,96,63.1,110.9,9.15,15.65,12.4,12.4,,Winter wheat,2023,Othello,
5/6/2023,0,97.6,39.2,180.9,5.95,19.35,12.65,12.65,,Winter wheat,2023,Othello,
5/7/2023,0,89.2,32.4,248.2,5.65,20.15,12.9,12.9,,Winter wheat,2023,Othello,
5/8/2023,1.4,83.3,28.8,305.4,5.85,20.85,13.35,13.35,,Winter wheat,2023,Othello,
5/9/2023,0,89.2,32,272.8,5.65,20.35,13,13,,Winter wheat,2023,Othello,
5/10/2023,0.3,84.2,25.8,337.1,6.75,23.55,15.15,15.15,,Winter wheat,2023,Othello,
5/11/2023,0,77.2,20.7,344.1,7.35,25.75,16.55,16.55,,Winter wheat,2023,Othello,
5/12/2023,0,67.9,16.4,348.5,9.35,28.85,19.1,19.1,,Winter wheat,2023,Othello,
5/13/2023,0,60.9,16.9,350,13.35,30.95,22.15,22.15,,Winter wheat,2023,Othello,
5/14/2023,0,56.3,18.5,348,16.45,31.65,24.05,24.05,,Winter wheat,2023,Othello,
5/15/2023,0.3,60.1,21.1,344.7,16.45,31.05,23.75,23.75,,Winter wheat,2023,Othello,
5/16/2023,1.2,86.1,40.1,257.6,12.65,24.15,18.4,18.4,,Winter wheat,2023,Othello,
5/17/2023,0,90.8,32.4,343.9,12.95,28.55,20.75,20.75,,Winter wheat,2023,Othello,
5/18/2023,0,79.7,24.2,348.9,14.65,32.35,23.5,23.5,,Winter wheat,2023,Othello,
5/19/2023,0,75.8,21,346.8,15.35,34.25,24.8,24.8,,Winter wheat,2023,Othello,
5/20/2023,0,66.9,20.2,350.1,17.55,34.95,26.25,26.25,,Winter wheat,2023,Othello,
5/21/2023,0,100,28.6,333,8.95,28.85,18.9,18.9,,Winter wheat,2023,Othello,
5/22/2023,0,80.7,26.1,356.9,6.55,22.45,14.5,14.5,,Winter wheat,2023,Othello,
5/23/2023,0,77.8,24.2,364.4,6.65,22.95,14.8,14.8,,Winter wheat,2023,Othello,
5/24/2023,0,76.6,21.2,355.8,7.15,25.05,16.1,16.1,,Winter wheat,2023,Othello,
5/25/2023,0,66.2,20.8,337.6,9.45,25.25,17.35,17.35,,Winter wheat,2023,Othello,
5/26/2023,0,71.2,21.5,317.2,10.35,27.15,18.75,18.75,,Winter wheat,2023,Othello,
5/27/2023,1.2,74.1,22.8,285.5,11.45,28.25,19.85,19.85,,Winter wheat,2023,Othello,
5/28/2023,0,78.1,25.1,361.6,11.95,28.45,20.2,20.2,,Winter wheat,2023,Othello,
5/29/2023,0,67.9,18,370.6,10.65,29.05,19.85,19.85,,Winter wheat,2023,Othello,
5/30/2023,0,72.4,17.1,371.6,8.05,27.95,18,18,,Winter wheat,2023,Othello,
5/31/2023,0,71.5,19.2,372,6.15,24.05,15.1,15.1,,Winter wheat,2023,Othello,
6/1/2023,0,82.8,22.6,371.6,5.45,23.55,14.5,14.5,,Winter wheat,2023,Othello,
6/2/2023,0,71.7,18.2,366.6,7.65,26.45,17.05,17.05,,Winter wheat,2023,Othello,
6/3/2023,0,63.2,13.8,371.2,8.85,29.05,18.95,18.95,,Winter wheat,2023,Othello,
6/4/2023,0,57.4,12.8,369.2,10.75,30.45,20.6,20.6,,Winter wheat,2023,Othello,
6/5/2023,0,53.1,11.6,372.3,11.45,30.95,21.2,21.2,,Winter wheat,2023,Othello,
6/6/2023,0,49.2,9.9,374.3,12.25,32.25,22.25,22.25,,Winter wheat,2023,Othello,
6/7/2023,0,50.8,9.6,349.6,13.05,34.15,23.6,23.6,,Winter wheat,2023,Othello,
6/8/2023,0,66.2,26.1,256.7,14.95,28.15,21.55,21.55,,Winter wheat,2023,Othello,
6/9/2023,0,100,55.5,183.1,12.45,23.05,17.75,17.75,,Winter wheat,2023,Othello,
6/10/2023,0,100,51.4,132.5,11.45,23.35,17.4,17.4,,Winter wheat,2023,Othello,
6/11/2023,0,93,28.6,317.5,11.75,29.45,20.6,20.6,,Winter wheat,2023,Othello,
6/12/2023,0,76.2,23.7,346.3,15.85,33.15,24.5,24.5,,Winter wheat,2023,Othello,
6/13/2023,0,98.4,21.7,361,9.65,32.05,20.85,20.85,,Winter wheat,2023,Othello,
6/14/2023,0,64.5,20.6,376,9.15,24.55,16.85,16.85,,Winter wheat,2023,Othello,
6/15/2023,0,67.6,22,369.2,9.55,24.95,17.25,17.25,,Winter wheat,2023,Othello,
6/16/2023,0,68.2,19.7,297,10.85,28.05,19.45,19.45,,Winter wheat,2023,Othello,
6/17/2023,0,85.2,25.6,353.1,8.45,25.75,17.1,17.1,,Winter wheat,2023,Othello,
6/18/2023,0,73.7,22.6,311.6,4.55,20.55,12.55,12.55,,Winter wheat,2023,Othello,
6/19/2023,0,76.1,24.3,245.6,4.65,20.25,12.45,12.45,,Winter wheat,2023,Othello,
6/20/2023,0,74.3,31.3,244.5,6.85,18.85,12.85,12.85,,Winter wheat,2023,Othello,
6/21/2023,0,72,22.9,363.2,7.55,23.35,15.45,15.45,,Winter wheat,2023,Othello,
6/22/2023,0,58.2,16.4,373,10.55,27.25,18.9,18.9,,Winter wheat,2023,Othello,
6/23/2023,0,57.8,13.2,373.8,10.15,29.45,19.8,19.8,,Winter wheat,2023,Othello,
6/24/2023,0,58.3,14.8,372.8,11.45,29.65,20.55,20.55,,Winter wheat,2023,Othello,
6/25/2023,0,52.2,12.8,372.7,12.95,31.05,22,22,,Winter wheat,2023,Othello,
6/26/2023,0,54.8,15.6,359.8,14.55,31.25,22.9,22.9,,Winter wheat,2023,Othello,
6/27/2023,0,57.8,21.8,318.5,16.85,30.25,23.55,23.55,,Winter wheat,2023,Othello,
6/28/2023,0,67.5,23.8,336.5,16.35,31.35,23.85,23.85,,Winter wheat,2023,Othello,
6/29/2023,0,64.7,18.2,362.8,15.65,33.55,24.6,24.6,,Winter wheat,2023,Othello,
6/30/2023,0,54,13.2,366.4,14.95,33.65,24.3,24.3,,Winter wheat,2023,Othello,
7/1/2023,0,51,13.2,350.2,13.55,32.85,23.2,23.2,,Winter wheat,2023,Othello,
7/2/2023,0,50.6,14.7,347.1,12.55,30.05,21.3,21.3,,Winter wheat,2023,Othello,
7/3/2023,0,35.1,8.8,353.5,13.75,31.25,22.5,22.5,,Winter wheat,2023,Othello,
7/4/2023,0,38.7,10.1,350.2,14.15,31.85,23,23,,Winter wheat,2023,Othello,
7/5/2023,0,40,10.3,344.2,15.55,33.85,24.7,24.7,,Winter wheat,2023,Othello,
7/6/2023,0,39.1,9.7,344.4,16.45,35.25,25.85,25.85,,Winter wheat,2023,Othello,
7/7/2023,0,40.3,10.2,338.4,17.85,36.65,27.25,27.25,,Winter wheat,2023,Othello,
7/8/2023,0,45.5,12,340,17.35,36.25,26.8,26.8,,Winter wheat,2023,Othello,
7/9/2023,0,47.4,13.1,337.9,17.95,36.55,27.25,27.25,,Winter wheat,2023,Othello,
7/10/2023,2,87.3,29.7,300.3,12.15,29.15,20.65,20.65,,Winter wheat,2023,Othello,
7/11/2023,0,77.5,25.3,340.2,12.15,29.45,20.8,20.8,,Winter wheat,2023,Othello,
7/12/2023,0,60.9,19.6,281.8,14.35,31.35,22.85,22.85,,Winter wheat,2023,Othello,
7/13/2023,0,67.3,22.6,335.5,14.55,31.25,22.9,22.9,,Winter wheat,2023,Othello,
7/14/2023,0,66.3,20,333.3,15.25,33.65,24.45,24.45,,Winter wheat,2023,Othello,
7/15/2023,0,50,13,325.7,16.55,36.05,26.3,26.3,,Winter wheat,2023,Othello,
7/16/2023,0,44.6,10.7,311.5,16.75,36.85,26.8,26.8,,Winter wheat,2023,Othello,
7/17/2023,0,70,24.1,330,12.15,28.35,20.25,20.25,,Winter wheat,2023,Othello,
7/18/2023,0,63.1,19.6,336.9,12.25,29.65,20.95,20.95,,Winter wheat,2023,Othello,
7/19/2023,0,48.8,11.4,334,14.75,35.45,25.1,25.1,,Winter wheat,2023,Othello,
7/20/2023,0,40,9,334.1,17.55,37.85,27.7,27.7,,Winter wheat,2023,Othello,
7/21/2023,0,49.9,12.8,332.2,15.45,35.05,25.25,25.25,,Winter wheat,2023,Othello,
7/22/2023,0,53,14.3,329.1,14.85,33.95,24.4,24.4,,Winter wheat,2023,Othello,
7/23/2023,0,56.1,15.2,320.3,15.95,35.35,25.65,25.65,,Winter wheat,2023,Othello,
7/24/2023,0,60.7,20.3,325.8,15.15,31.65,23.4,23.4,,Winter wheat,2023,Othello,
7/25/2023,0,76.6,25.7,299.9,11.65,28.45,20.05,20.05,,Winter wheat,2023,Othello,
7/26/2023,0,60.1,18.5,328.8,11.25,28.45,19.85,19.85,,Winter wheat,2023,Othello,
7/27/2023,0,48.2,12.8,327.1,12.45,30.95,21.7,21.7,,Winter wheat,2023,Othello,
7/28/2023,0,58.2,16.1,310.8,13.35,32.25,22.8,22.8,,Winter wheat,2023,Othello,
7/29/2023,0,55.4,15.2,321,14.05,32.95,23.5,23.5,,Winter wheat,2023,Othello,
7/30/2023,0,60.3,16.7,320.5,12.25,31.15,21.7,21.7,,Winter wheat,2023,Othello,
7/31/2023,0,61,15.8,323.1,11.15,30.95,21.05,21.05,,Winter wheat,2023,Othello,
8/1/2023,0,57.3,12.3,318.8,11.35,32.55,21.95,21.95,,Winter wheat,2023,Othello,
8/2/2023,0,40.8,8.3,318.8,13.85,33.95,23.9,23.9,,Winter wheat,2023,Othello,
8/3/2023,0,42.4,9,309.9,14.15,34.05,24.1,24.1,,Winter wheat,2023,Othello,
8/4/2023,0,53.1,19.8,268.6,15.65,29.55,22.6,22.6,,Winter wheat,2023,Othello,
8/5/2023,1.1,69.8,46.9,228,18.45,24.65,21.55,21.55,,Winter wheat,2023,Othello,
8/6/2023,0.8,79.2,39.4,248.8,18.05,29.15,23.6,23.6,,Winter wheat,2023,Othello,
8/7/2023,10.4,99,57.9,187.3,15.15,24.05,19.6,19.6,,Winter wheat,2023,Othello,
8/8/2023,0,89.2,35,277.7,14.75,29.55,22.15,22.15,,Winter wheat,2023,Othello,
8/9/2023,0,83.2,27.1,264.6,13.05,30.25,21.65,21.65,,Winter wheat,2023,Othello,
8/10/2023,0,85.2,29.7,296.4,12.35,28.55,20.45,20.45,,Winter wheat,2023,Othello,
8/11/2023,0,79.3,23.8,297.7,12.05,30.15,21.1,21.1,,Winter wheat,2023,Othello,
8/12/2023,0,70.8,19.6,291.4,13.55,32.65,23.1,23.1,,Winter wheat,2023,Othello,
8/13/2023,0,61,18.5,285.9,17.85,35.55,26.7,26.7,,Winter wheat,2023,Othello,
8/14/2023,0,61.2,15.2,288,18.15,38.75,28.45,28.45,,Winter wheat,2023,Othello,
8/15/2023,0,57.3,13.5,286.6,18.85,39.95,29.4,29.4,,Winter wheat,2023,Othello,
8/16/2023,0,57.1,14.9,286.6,18.65,38.25,28.45,28.45,,Winter wheat,2023,Othello,
8/17/2023,0,53.3,15.9,228.9,19.05,36.45,27.75,27.75,,Winter wheat,2023,Othello,
8/18/2023,0,65.6,15.5,288.6,12.15,32.95,22.55,22.55,,Winter wheat,2023,Othello,
8/19/2023,0,41.3,9.8,283.1,11.35,29.35,20.35,20.35,,Winter wheat,2023,Othello,
8/20/2023,0,47.7,13.2,278.1,12.15,29.15,20.65,20.65,,Winter wheat,2023,Othello,
8/21/2023,0.9,61.2,28.3,246.7,15.75,27.05,21.4,21.4,,Winter wheat,2023,Othello,
8/22/2023,0,100,57,188.5,9.45,21.55,15.5,15.5,,Winter wheat,2023,Othello,
8/23/2023,0,97.7,33.9,277.8,8.85,25.05,16.95,16.95,,Winter wheat,2023,Othello,
8/24/2023,0,79.9,20.9,276.8,9.35,29.15,19.25,19.25,,Winter wheat,2023,Othello,
8/25/2023,0.3,65.3,26.5,236,15.15,28.55,21.85,21.85,,Winter wheat,2023,Othello,
8/26/2023,0,74.8,21.2,268.4,14.55,33.65,24.1,24.1,,Winter wheat,2023,Othello,
8/27/2023,0,64.7,16,263.9,16.65,37.35,27,27,,Winter wheat,2023,Othello,
8/28/2023,0.5,62.3,15,265.9,16.95,37.95,27.45,27.45,,Winter wheat,2023,Othello,
8/29/2023,1,79.1,38,209.3,13.25,24.55,18.9,18.9,,Winter wheat,2023,Othello,
8/30/2023,0,82.5,31.8,225.4,12.45,27.05,19.75,19.75,,Winter wheat,2023,Othello,
8/31/2023,1.1,93.5,59.5,91.6,12.75,20.15,16.45,16.45,,Winter wheat,2023,Othello,
9/1/2023,0,94.6,37.4,177.2,12.95,27.25,20.1,20.1,,Winter wheat,2023,Othello,
9/2/2023,0,87.9,26.5,237.5,12.75,30.85,21.8,21.8,,Winter wheat,2023,Othello,
9/3/2023,0,75.6,28.7,223,14.75,29.15,21.95,21.95,,Winter wheat,2023,Othello,
9/4/2023,0,94.8,35.3,177.6,9.85,24.75,17.3,17.3,,Winter wheat,2023,Othello,
9/5/2023,0,88.5,31.7,239.2,9.15,24.35,16.75,16.75,,Winter wheat,2023,Othello,
9/6/2023,0,74.3,22.2,223.3,8.95,26.05,17.5,17.5,,Winter wheat,2023,Othello,
9/7/2023,0,91.4,29.2,221.4,8.95,25.85,17.4,17.4,,Winter wheat,2023,Othello,
9/8/2023,0,89.3,29.7,234.5,10.15,26.55,18.35,18.35,,Winter wheat,2023,Othello,
9/9/2023,0,77.1,19.2,232,11.05,31.15,21.1,21.1,,Winter wheat,2023,Othello,
9/10/2023,0,56.7,13.4,231.1,13.65,33.15,23.4,23.4,,Winter wheat,2023,Othello,
9/11/2023,0,67.4,21.4,200.7,12.65,28.95,20.8,20.8,,Winter wheat,2023,Othello,
9/12/2023,0,80.8,27.9,212.7,11.55,27.25,19.4,19.4,,Winter wheat,2023,Othello,
9/13/2023,0,86.5,28.5,223.6,9.95,26.35,18.15,18.15,,Winter wheat,2023,Othello,
9/14/2023,0,75.4,20.3,221.7,9.65,28.35,19,19,,Winter wheat,2023,Othello,
9/15/2023,0,67.5,14.8,222.5,9.75,30.65,20.2,20.2,,Winter wheat,2023,Othello,
9/16/2023,0,63.2,12.7,218.9,9.85,31.55,20.7,20.7,,Winter wheat,2023,Othello,
9/17/2023,0,43.9,13.5,206,12.95,27.45,20.2,20.2,,Winter wheat,2023,Othello,
9/18/2023,0,75.9,19.1,205,5.85,24.95,15.4,15.4,,Winter wheat,2023,Othello,
9/19/2023,0,72.2,23,137.8,6.15,21.95,14.05,14.05,,Winter wheat,2023,Othello,
9/20/2023,1.6,86.4,48.8,78.9,7.65,16.15,11.9,11.9,,Winter wheat,2023,Othello,
9/21/2023,0.5,89.6,43.2,134.9,8.55,19.45,14,14,,Winter wheat,2023,Othello,
9/22/2023,0,94.1,42.2,188.2,8.05,20.05,14.05,14.05,,Winter wheat,2023,Othello,
9/23/2023,0,81.6,35.7,179.2,9.15,21.25,15.2,15.2,,Winter wheat,2023,Othello,
9/24/2023,0.8,89,39.3,137.6,9.15,21.35,15.25,15.25,,Winter wheat,2023,Othello,
9/25/2023,0.6,82.8,47.7,113.8,12.85,21.25,17.05,17.05,,Winter wheat,2023,Othello,
9/26/2023,2.2,100,49.8,124.7,8.35,19.75,14.05,14.05,,Winter wheat,2023,Othello,
9/27/2023,1.1,100,46.8,85.3,5.55,18.55,12.05,12.05,,Winter wheat,2023,Othello,
9/28/2023,0,100,43.9,82.9,4.05,18.75,11.4,11.4,,Winter wheat,2023,Othello,
9/29/2023,0,100,50.6,144.8,4.15,16.05,10.1,10.1,,Winter wheat,2023,Othello,
9/30/2023,0,100,37.9,183.4,4.95,19.45,12.2,12.2,,Winter wheat,2023,Othello,
10/1/2023,0,81.5,23.1,183,4.85,21.05,12.95,12.95,,Winter wheat,2023,Othello,
10/2/2023,2.6,78.1,29.9,131.4,7.75,20.25,14,14,,Winter wheat,2023,Othello,
10/3/2023,0,100,43,164.6,9.25,22.05,15.65,15.65,,Winter wheat,2023,Othello,
10/4/2023,0,96.2,29.1,172.4,8.35,24.85,16.6,16.6,,Winter wheat,2023,Othello,
10/5/2023,0,96,25.9,169.9,8.25,26.25,17.25,17.25,,Winter wheat,2023,Othello,
10/6/2023,0,88.4,26.6,170.4,9.05,25.35,17.2,17.2,,Winter wheat,2023,Othello,
10/7/2023,0,89.9,24.6,167.6,8.85,26.45,17.65,17.65,,Winter wheat,2023,Othello,
10/8/2023,0,91.5,27.9,165.7,9.35,25.65,17.5,17.5,,Winter wheat,2023,Othello,
10/9/2023,0,81.5,30.4,137.7,9.55,22.75,16.15,16.15,,Winter wheat,2023,Othello,
10/10/2023,0.7,93.8,55.9,90.4,7.95,15.15,11.55,11.55,,Winter wheat,2023,Othello,
10/11/2023,0.3,100,50.4,99.6,5.65,16.85,11.25,0,0,Winter wheat,2023,Othello,Planted date
10/12/2023,0,100,39.6,157,4.35,18.65,11.5,11.5,11.5,Winter wheat,2023,Othello,
10/13/2023,0,100,32.1,148.7,3.95,19.65,11.8,11.8,23.3,Winter wheat,2023,Othello,
10/14/2023,0,81,33.9,119.4,8.15,19.65,13.9,13.9,37.2,Winter wheat,2023,Othello,
10/15/2023,0,81.8,36.2,90.2,9.45,20.35,14.9,14.9,52.1,Winter wheat,2023,Othello,
10/16/2023,0.3,100,56.5,73.3,6.65,15.25,10.95,10.95,63.05,Winter wheat,2023,Othello,
10/17/2023,0,100,38.3,120.2,4.95,18.45,11.7,11.7,74.75,Winter wheat,2023,Othello,
10/18/2023,0,89.1,24.4,142.1,4.45,21.45,12.95,12.95,87.7,Winter wheat,2023,Othello,
10/19/2023,0,81,18.6,141.1,4.95,23.65,14.3,14.3,102,Winter wheat,2023,Othello,
10/20/2023,0,80.2,20,135.6,6.45,24.35,15.4,15.4,117.4,Winter wheat,2023,Othello,
10/21/2023,0,91.2,31.3,136.5,7.05,21.55,14.3,14.3,131.7,Winter wheat,2023,Othello,
10/22/2023,0,100,37.1,63.9,6.25,20.05,13.15,13.15,144.85,Winter wheat,2023,Othello,
10/23/2023,0,99.7,36.8,124.5,3.35,16.85,10.1,10.1,154.95,Winter wheat,2023,Othello,
10/24/2023,7,85.1,52.2,104.1,3.55,9.95,6.75,6.75,161.7,Winter wheat,2023,Othello,
10/25/2023,1.6,100,72.9,104.7,-0.85,7.75,3.45,3.45,165.15,Winter wheat,2023,Othello,
10/26/2023,0,87.5,58.2,61.9,-0.25,5.05,2.4,2.4,167.55,Winter wheat,2023,Othello,
10/27/2023,0,100,47,66.8,-4.35,6.65,1.15,1.15,168.7,Winter wheat,2023,Othello,
10/28/2023,0,97.3,36.4,107,-5.75,6.65,0.45,0.45,169.15,Winter wheat,2023,Othello,
10/29/2023,0,93.3,34.2,126.2,-4.95,7.65,1.35,1.35,170.5,Winter wheat,2023,Othello,
10/30/2023,0,94,29.5,123.3,-4.65,9.85,2.6,2.6,173.1,Winter wheat,2023,Othello,
10/31/2023,0,94.6,36.9,119.3,-3.45,8.55,2.55,2.55,175.65,Winter wheat,2023,Othello,
11/1/2023,10.2,87.1,44.6,84.3,-0.65,8.15,3.75,3.75,179.4,Winter wheat,2023,Othello,
11/2/2023,0,100,86.2,61.6,2.55,7.85,5.2,5.2,184.6,Winter wheat,2023,Othello,
11/3/2023,5.3,100,59,97.3,2.85,11.05,6.95,6.95,191.55,Winter wheat,2023,Othello,
11/4/2023,5,100,78.1,46.8,5.55,12.45,9,9,200.55,Winter wheat,2023,Othello,
11/5/2023,2,100,64.5,94.5,5.05,13.45,9.25,9.25,209.8,Winter wheat,2023,Othello,
11/6/2023,2.3,94.4,65.4,51.7,7.15,12.55,9.85,9.85,219.65,Winter wheat,2023,Othello,
11/7/2023,0,100,46.7,59.2,1.05,13.75,7.4,7.4,227.05,Winter wheat,2023,Othello,
11/8/2023,0,98.5,40.6,90.7,-0.05,11.85,5.9,5.9,232.95,Winter wheat,2023,Othello,
11/9/2023,0,100,54.1,90.7,-0.85,7.65,3.4,3.4,236.35,Winter wheat,2023,Othello,
11/10/2023,0,100,55.7,79,0.75,9.15,4.95,4.95,241.3,Winter wheat,2023,Othello,
11/11/2023,0,84.3,41.2,50.8,3.85,13.45,8.65,8.65,249.95,Winter wheat,2023,Othello,
11/12/2023,0,94,48.2,74.6,2.75,11.95,7.35,7.35,257.3,Winter wheat,2023,Othello,
11/13/2023,0,100,50.8,64.9,-1.65,11.65,5,5,262.3,Winter wheat,2023,Othello,
11/14/2023,0.8,97.3,41.6,84.4,-1.35,9.95,4.3,4.3,266.6,Winter wheat,2023,Othello,
11/15/2023,1,100,73.1,26.7,-2.25,5.35,1.55,1.55,268.15,Winter wheat,2023,Othello,
11/16/2023,0,100,69,83.1,-3.35,4.85,0.75,0.75,268.9,Winter wheat,2023,Othello,
11/17/2023,0,100,72,69.2,-2.85,3.65,0.4,0.4,269.3,Winter wheat,2023,Othello,
11/18/2023,2.3,93.6,72.3,75.3,-0.55,3.25,1.35,1.35,270.65,Winter wheat,2023,Othello,
11/19/2023,0,100,46.2,44.3,-1.15,11.05,4.95,4.95,275.6,Winter wheat,2023,Othello,
11/20/2023,0,100,43.6,72.7,-2.45,8.65,3.1,3.1,278.7,Winter wheat,2023,Othello,
11/21/2023,1.1,94.1,48,70.5,-1.55,7.45,2.95,2.95,281.65,Winter wheat,2023,Othello,
11/22/2023,0,100,54.3,68,-0.85,8.55,3.85,3.85,285.5,Winter wheat,2023,Othello,
11/23/2023,0,84.7,41,76.3,-1.05,8.35,3.65,3.65,289.15,Winter wheat,2023,Othello,
11/24/2023,0,100,35.9,76.4,-5.85,7.45,0.8,0.8,289.95,Winter wheat,2023,Othello,
11/25/2023,0,98.1,48.9,73.9,-6.35,2.75,-1.8,0,289.95,Winter wheat,2023,Othello,
11/26/2023,0,92.7,53.4,68.4,-4.75,2.55,-1.1,0,289.95,Winter wheat,2023,Othello,
11/27/2023,0,100,49.7,73.9,-6.15,3.05,-1.55,0,289.95,Winter wheat,2023,Othello,
11/28/2023,0,91.5,74.2,73,-5.35,-2.25,-3.8,0,289.95,Winter wheat,2023,Othello,
11/29/2023,0,76.8,64.9,71.8,-3.75,-1.45,-2.6,0,289.95,Winter wheat,2023,Othello,
11/30/2023,1.6,89.1,73.3,41.2,-3.15,-0.25,-1.7,0,289.95,Winter wheat,2023,Othello,
12/1/2023,2.1,100,81.5,42.9,-6.55,0.95,-2.8,0,289.95,Winter wheat,2023,Othello,
12/2/2023,3.3,88,53.8,61.4,0.15,7.95,4.05,4.05,294,Winter wheat,2023,Othello,
12/3/2023,4.9,91.3,71.5,25.2,0.15,4.65,2.4,2.4,296.4,Winter wheat,2023,Othello,
12/4/2023,5.5,98.1,75,20.1,0.75,5.65,3.2,3.2,299.6,Winter wheat,2023,Othello,
12/5/2023,8.3,100,72.5,18.4,4.95,11.55,8.25,8.25,307.85,Winter wheat,2023,Othello,
12/6/2023,12.2,100,82.7,23.1,5.65,10.55,8.1,8.1,315.95,Winter wheat,2023,Othello,
12/7/2023,0,100,74.3,54.7,1.45,8.25,4.85,4.85,320.8,Winter wheat,2023,Othello,
12/8/2023,0,99.8,52.4,26.9,-1.75,8.15,3.2,3.2,324,Winter wheat,2023,Othello,
12/9/2023,6.2,90,72.4,45.9,-1.25,2.85,0.8,0.8,324.8,Winter wheat,2023,Othello,
12/10/2023,0.3,91.5,85.7,46.9,1.25,3.35,2.3,2.3,327.1,Winter wheat,2023,Othello,
12/11/2023,0,87.9,77.4,24,1.75,4.65,3.2,3.2,330.3,Winter wheat,2023,Othello,
12/12/2023,0,72.1,65.4,58.9,3.05,5.35,4.2,4.2,334.5,Winter wheat,2023,Othello,
12/13/2023,0,79.6,59.4,62.5,0.35,5.35,2.85,2.85,337.35,Winter wheat,2023,Othello,
12/14/2023,0,80.3,61.3,38.3,0.15,4.85,2.5,2.5,339.85,Winter wheat,2023,Othello,
12/15/2023,0,90,53.6,57.8,-1.45,6.65,2.6,2.6,342.45,Winter wheat,2023,Othello,
12/16/2023,0,83.5,76.5,54.8,-0.65,1.65,0.5,0.5,342.95,Winter wheat,2023,Othello,
12/17/2023,0,78.2,73,60.2,-0.15,1.85,0.85,0.85,343.8,Winter wheat,2023,Othello,
12/18/2023,5.3,82.7,77.6,29,-0.15,1.85,0.85,0.85,344.65,Winter wheat,2023,Othello,
12/19/2023,1.3,84.2,67.7,24.1,1.55,5.65,3.6,3.6,348.25,Winter wheat,2023,Othello,
12/20/2023,0.4,71.5,69.4,55,3.05,4.45,3.75,3.75,352,Winter wheat,2023,Othello,
12/21/2023,0.4,71.7,69.6,49.6,2.05,3.45,2.75,2.75,354.75,Winter wheat,2023,Othello,
12/22/2023,1,93.5,73.7,22.4,-1.55,2.85,0.65,0.65,355.4,Winter wheat,2023,Othello,
12/23/2023,0,98.6,53.6,60.9,-3.85,5.45,0.8,0.8,356.2,Winter wheat,2023,Othello,
12/24/2023,0,96.1,69.4,60.9,-4.35,1.15,-1.6,0,356.2,Winter wheat,2023,Othello,
12/25/2023,1.9,86.7,60.5,35.9,-2.85,3.05,0.1,0.1,356.3,Winter wheat,2023,Othello,
12/26/2023,0,84.5,72.5,57.1,-0.05,3.15,1.55,1.55,357.85,Winter wheat,2023,Othello,
12/27/2023,1.2,90.6,61,37.5,-0.45,6.05,2.8,2.8,360.65,Winter wheat,2023,Othello,
12/28/2023,0,100,63.9,48.9,-0.95,6.35,2.7,2.7,363.35,Winter wheat,2023,Othello,
12/29/2023,0,98.6,55.1,51.7,0.45,9.65,5.05,5.05,368.4,Winter wheat,2023,Othello,
12/30/2023,0.3,98.7,73.1,27.4,-0.45,4.85,2.2,2.2,370.6,Winter wheat,2023,Othello,
12/31/2023,0,86.8,81,61,0.35,2.45,1.4,1.4,372,Winter wheat,2023,Othello,
1/1/2024,0.8,74,74,52.5,1.15,2.65,1.9,1.9,373.9,Winter wheat,2024,Othello,
1/2/2024,5.2,75.6,73.7,53.1,1.05,2.95,2,2,375.9,Winter wheat,2025,Othello,
1/3/2024,0.7,87.3,80.7,25.9,0.65,3.35,2,2,377.9,Winter wheat,2026,Othello,
1/4/2024,0.7,92,64.7,27.8,-1.15,5.25,2.05,2.05,379.95,Winter wheat,2027,Othello,
1/5/2024,0.3,86.2,57.1,44.7,-0.85,6.35,2.75,2.75,382.7,Winter wheat,2028,Othello,
1/6/2024,0,99.3,59.2,49.2,-2.05,6.65,2.3,2.3,385,Winter wheat,2029,Othello,
1/7/2024,0,96.6,58.4,60,-3.35,5.05,0.85,0.85,385.85,Winter wheat,2030,Othello,
1/8/2024,2.7,95.7,62,32.4,-2.45,5.05,1.3,1.3,387.15,Winter wheat,2031,Othello,
1/9/2024,1.7,93.1,66.7,52.1,0.05,6.25,3.15,3.15,390.3,Winter wheat,2032,Othello,
1/10/2024,0,100,68.1,54.3,-4.35,4.95,0.3,0.3,390.6,Winter wheat,2033,Othello,
1/11/2024,0.3,100,76.2,41.4,-13.55,2.35,-5.6,0,390.6,Winter wheat,2034,Othello,
1/12/2024,0,100,70.5,31.6,-19.45,-12.55,-16,0,390.6,Winter wheat,2035,Othello,
1/13/2024,0,64.5,42.9,65.5,-19.55,-13.35,-16.45,0,390.6,Winter wheat,2036,Othello,
1/14/2024,0,81.1,52.5,65.1,-16.35,-9.55,-12.95,0,390.6,Winter wheat,2037,Othello,
1/15/2024,0,100,59,66.6,-16.85,-8.05,-12.45,0,390.6,Winter wheat,2038,Othello,
1/16/2024,0.4,100,72.2,62,-15.65,-8.15,-11.9,0,390.6,Winter wheat,2039,Othello,
1/17/2024,0.3,100,100,29.1,-15.45,-7.85,-11.65,0,390.6,Winter wheat,2040,Othello,
1/18/2024,3.3,100,93.1,34.2,-11.75,-3.05,-7.4,0,390.6,Winter wheat,2041,Othello,
1/19/2024,1.4,100,94.1,35.8,-4.65,-1.55,-3.1,0,390.6,Winter wheat,2042,Othello,
1/20/2024,3.9,100,85.8,53,-3.75,0.55,-1.6,0,390.6,Winter wheat,2043,Othello,
1/21/2024,3.4,100,88.1,32.3,-1.45,2.15,0.35,0.35,390.95,Winter wheat,2044,Othello,
1/22/2024,0.5,97,84.1,30.2,-0.15,3.45,1.65,1.65,392.6,Winter wheat,2045,Othello,
1/23/2024,0.9,95.5,86.5,41.4,-0.45,2.55,1.05,1.05,393.65,Winter wheat,2046,Othello,
1/24/2024,1.1,86.6,77,32.7,-0.05,3.15,1.55,1.55,395.2,Winter wheat,2047,Othello,
1/25/2024,0.5,94.6,85,36.6,-0.75,2.35,0.8,0.8,396,Winter wheat,2048,Othello,
1/26/2024,4.5,92.2,72.5,64.5,-0.55,4.35,1.9,1.9,397.9,Winter wheat,2049,Othello,
1/27/2024,4.6,92.1,73.2,27.2,1.05,5.85,3.45,3.45,401.35,Winter wheat,2050,Othello,
1/28/2024,0,91.2,57.6,60.8,1.05,9.05,5.05,5.05,406.4,Winter wheat,2051,Othello,
1/29/2024,0,90.1,42.5,76.5,0.75,12.85,6.8,6.8,413.2,Winter wheat,2052,Othello,
1/30/2024,0.4,95.4,64.3,64.5,0.95,8.05,4.5,4.5,417.7,Winter wheat,2053,Othello,
1/31/2024,1.8,98,60.9,42.4,1.95,10.25,6.1,6.1,423.8,Winter wheat,2054,Othello,
2/1/2024,0.5,91.9,65.1,39.1,3.95,9.95,6.95,6.95,430.75,Winter wheat,2055,Othello,
2/2/2024,0,98.9,82.4,60.8,3.25,7.05,5.15,5.15,435.9,Winter wheat,2056,Othello,
2/3/2024,0,95.8,69.7,79.9,1.75,7.35,4.55,4.55,440.45,Winter wheat,2057,Othello,
2/4/2024,1,90.6,51,84,0.65,9.65,5.15,5.15,445.6,Winter wheat,2058,Othello,
2/5/2024,2.3,79,60.2,27.6,2.85,7.65,5.25,5.25,450.85,Winter wheat,2059,Othello,
2/6/2024,0.4,87.6,64.7,58.3,1.45,6.75,4.1,4.1,454.95,Winter wheat,2060,Othello,
2/7/2024,0,95.9,62.3,66.9,0.75,7.85,4.3,4.3,459.25,Winter wheat,2061,Othello,
2/8/2024,0,85.4,50,80.4,0.95,9.35,5.15,5.15,464.4,Winter wheat,2062,Othello,
2/9/2024,0,100,48.3,95.8,-1.85,9.35,3.75,3.75,468.15,Winter wheat,2063,Othello,
2/10/2024,0,98.2,48.1,82.3,-2.25,8.55,3.15,3.15,471.3,Winter wheat,2064,Othello,
2/11/2024,0,86.6,53,43,0.75,8.55,4.65,4.65,475.95,Winter wheat,2065,Othello,
2/12/2024,0,100,59.4,53.7,-0.25,9.25,4.5,4.5,480.45,Winter wheat,2066,Othello,
2/13/2024,0,97,50.9,115.9,-1.35,8.55,3.6,3.6,484.05,Winter wheat,2067,Othello,
2/14/2024,0.5,75.8,57.2,112,-0.15,4.65,2.25,2.25,486.3,Winter wheat,2068,Othello,
2/15/2024,0,100,80.4,39.4,-4.75,1.25,-1.75,0,486.3,Winter wheat,2069,Othello,
2/16/2024,0,94.8,54.3,122.8,-4.95,3.55,-0.7,0,486.3,Winter wheat,2070,Othello,
2/17/2024,0,88.3,51.7,111.7,-3.65,4.55,0.45,0.45,486.75,Winter wheat,2071,Othello,
2/18/2024,0.5,78,71.9,55.9,1.05,3.25,2.15,2.15,488.9,Winter wheat,2072,Othello,
2/19/2024,1.3,76.1,57.8,62.5,2.25,7.05,4.65,4.65,493.55,Winter wheat,2073,Othello,
2/20/2024,0,78.2,57.4,88.7,2.75,8.05,5.4,5.4,498.95,Winter wheat,2074,Othello,
2/21/2024,0.5,91.2,55.1,60.4,1.75,9.85,5.8,5.8,504.75,Winter wheat,2075,Othello,
2/22/2024,3.5,99.8,47.5,129.7,0.35,11.75,6.05,6.05,510.8,Winter wheat,2076,Othello,
2/23/2024,1.3,94.1,39.3,123.5,0.05,13.15,6.6,6.6,517.4,Winter wheat,2077,Othello,
2/24/2024,2.3,78.7,45.8,117.6,3.25,11.75,7.5,7.5,524.9,Winter wheat,2078,Othello,
2/25/2024,0,100,56.4,73,0.65,11.95,6.3,6.3,531.2,Winter wheat,2079,Othello,
2/26/2024,0,84.2,32.3,85.5,-0.35,13.65,6.65,6.65,537.85,Winter wheat,2080,Othello,
2/27/2024,0,71.7,24.9,116.6,-0.35,14.65,7.15,7.15,545,Winter wheat,2081,Othello,
2/28/2024,0,100,40.4,58.2,0.15,16.15,8.15,8.15,553.15,Winter wheat,2082,Othello,
2/29/2024,0,100,32.6,106.9,0.65,17.35,9,9,562.15,Winter wheat,2083,Othello,
3/1/2024,0.9,81.7,40.5,161.7,0.25,9.25,4.75,4.75,566.9,Winter wheat,2084,Othello,
3/2/2024,0,98.6,41.3,120,-2.85,8.65,2.9,2.9,569.8,Winter wheat,2085,Othello,
3/3/2024,0,91.2,38.4,154.8,-2.65,8.55,2.95,2.95,572.75,Winter wheat,2086,Othello,
3/4/2024,0,92.4,37.8,118.3,-2.65,8.95,3.15,3.15,575.9,Winter wheat,2087,Othello,
3/5/2024,0,99.6,35.7,184,-4.75,8.55,1.9,1.9,577.8,Winter wheat,2088,Othello,
3/6/2024,0,93,31.1,187.6,-5.25,8.65,1.7,1.7,579.5,Winter wheat,2089,Othello,
3/7/2024,0,80.4,27.3,190.8,-4.05,9.25,2.6,2.6,582.1,Winter wheat,2090,Othello,
3/8/2024,0,88.5,25.6,125.1,-3.25,12.45,4.6,4.6,586.7,Winter wheat,2091,Othello,
3/9/2024,0.5,93.8,29.1,133.1,-1.25,14.05,6.4,6.4,593.1,Winter wheat,2092,Othello,
3/10/2024,0,86.2,36.4,104.8,2.85,14.25,8.55,8.55,601.65,Winter wheat,2093,Othello,
3/11/2024,1.1,99.7,44.9,127.2,1.55,12.45,7,7,608.65,Winter wheat,2094,Othello,
3/12/2024,0,100,39.9,99.5,-0.85,14.55,6.85,6.85,615.5,Winter wheat,2095,Othello,
3/13/2024,0,100,29.2,203.7,-2.55,13.85,5.65,5.65,621.15,Winter wheat,2096,Othello,
3/14/2024,0,100,27,205.7,-2.05,15.15,6.55,6.55,627.7,Winter wheat,2097,Othello,
3/15/2024,0,94.3,26.1,205.4,0.65,17.65,9.15,9.15,636.85,Winter wheat,2098,Othello,
3/16/2024,0,90.6,22.9,207.9,3.05,21.35,12.2,12.2,649.05,Winter wheat,2099,Othello,
3/17/2024,0,96.8,24.9,210.1,3.45,21.85,12.65,12.65,661.7,Winter wheat,2100,Othello,
3/18/2024,0,94.9,25.1,212.7,5.15,23.35,14.25,14.25,675.95,Winter wheat,2101,Othello,
3/19/2024,0,100,26.7,214.9,4.55,23.95,14.25,14.25,690.2,Winter wheat,2102,Othello,
3/20/2024,0,90.3,29.9,216.8,4.95,19.95,12.45,12.45,702.65,Winter wheat,2103,Othello,
3/21/2024,0,87.7,32.9,193.8,4.85,18.05,11.45,11.45,714.1,Winter wheat,2104,Othello,
3/22/2024,1.4,99.8,38,143.1,4.25,17.65,10.95,10.95,725.05,Winter wheat,2105,Othello,
3/23/2024,1.6,90.2,46.8,175.5,5.75,14.75,10.25,10.25,735.3,Winter wheat,2106,Othello,
3/24/2024,0,100,35.6,126.9,0.95,15.75,8.35,8.35,743.65,Winter wheat,2107,Othello,
3/25/2024,0,100,34.2,166.2,-0.45,14.55,7.05,7.05,750.7,Winter wheat,2108,Othello,
3/26/2024,0,100,32.4,146.8,0.65,15.95,8.3,8.3,759,Winter wheat,2109,Othello,
3/27/2024,6.7,100,61.4,91.5,3.15,10.05,6.6,6.6,765.6,Winter wheat,2110,Othello,
3/28/2024,0,89,41.6,198.3,3.25,13.45,8.35,8.35,773.95,Winter wheat,2111,Othello,
3/29/2024,0,86.8,31,228.7,1.35,14.85,8.1,8.1,782.05,Winter wheat,2112,Othello,
3/30/2024,0,80.9,24.9,248.9,1.15,16.25,8.7,8.7,790.75,Winter wheat,2113,Othello,
3/31/2024,0,68.6,22.3,253.1,2.35,16.35,9.35,9.35,800.1,Winter wheat,2114,Othello,
4/1/2024,0,75.3,19.5,246.1,3.65,21.05,12.35,12.35,812.45,Winter wheat,2115,Othello,
4/2/2024,0,83.8,22.4,244,6.95,24.95,15.95,15.95,828.4,Winter wheat,2116,Othello,
4/3/2024,0,97.6,50.4,172.1,3.05,12.25,7.65,7.65,836.05,Winter wheat,2117,Othello,
4/4/2024,2.6,89.9,62.6,93.2,3.25,8.25,5.75,5.75,841.8,Winter wheat,2118,Othello,
4/5/2024,0.9,82.9,49.7,148.2,2.85,9.65,6.25,6.25,848.05,Winter wheat,2119,Othello,
4/6/2024,0,95.7,36.3,128,1.45,14.65,8.05,8.05,856.1,Winter wheat,2120,Othello,
4/7/2024,0,100,33.8,192.7,0.35,15.65,8,8,864.1,Winter wheat,2121,Othello,
4/8/2024,0,100,36.5,183.2,1.05,14.85,7.95,7.95,872.05,Winter wheat,2122,Othello,
4/9/2024,0,100,33.6,223.8,2.25,18.25,10.25,10.25,882.3,Winter wheat,2123,Othello,
4/10/2024,0,95.4,27.5,262.7,0.45,17.15,8.8,8.8,891.1,Winter wheat,2124,Othello,
4/11/2024,0,89.1,27.9,220.7,3.45,19.15,11.3,11.3,902.4,Winter wheat,2125,Othello,
4/12/2024,0,91.9,35.5,195.5,5.55,18.75,12.15,12.15,914.55,Winter wheat,2126,Othello,
4/13/2024,0,100,28.7,269,5.65,23.65,14.65,14.65,929.2,Winter wheat,2127,Othello,
4/14/2024,0,93.5,24.4,279.1,7.25,26.05,16.65,16.65,945.85,Winter wheat,2128,Othello,
4/15/2024,0,78.3,27.7,278.6,5.55,19.35,12.45,12.45,958.3,Winter wheat,2129,Othello,
4/16/2024,0,91.5,29.4,256.9,-0.55,14.45,6.95,6.95,965.25,Winter wheat,2130,Othello,
4/17/2024,0,73.4,20.1,295.9,-0.55,15.55,7.5,7.5,972.75,Winter wheat,2131,Othello,
4/18/2024,0,67.8,19,296.9,0.75,16.35,8.55,8.55,981.3,Winter wheat,2132,Othello,
4/19/2024,0,71.6,19.9,299.3,2.05,18.15,10.1,10.1,991.4,Winter wheat,2133,Othello,
4/20/2024,0,77.5,19.5,272.6,3.35,21.25,12.3,12.3,1003.7,Winter wheat,2134,Othello,
4/21/2024,0,81.8,24.8,281.7,1.25,16.75,9,9,1012.7,Winter wheat,2135,Othello,
4/22/2024,0,76.8,19.8,304.9,0.35,17.55,8.95,8.95,1021.65,Winter wheat,2136,Othello,
4/23/2024,0,79.4,18.5,285.2,2.25,21.05,11.65,11.65,1033.3,Winter wheat,2137,Othello,
4/24/2024,0,76.8,21.9,235.8,4.15,20.55,12.35,12.35,1045.65,Winter wheat,2138,Othello,
4/25/2024,0,100,42,126.6,5.45,17.95,11.7,11.7,1057.35,Winter wheat,2139,Othello,
4/26/2024,0,100,36.8,224.7,5.55,20.05,12.8,12.8,1070.15,Winter wheat,2140,Othello,
4/27/2024,0,91.8,36,211.2,4.65,17.55,11.1,11.1,1081.25,Winter wheat,2141,Othello,
4/28/2024,0,94.2,33.8,192.6,3.55,17.65,10.6,10.6,1091.85,Winter wheat,2142,Othello,
4/29/2024,0,93.6,32.4,262.1,0.95,15.25,8.1,8.1,1099.95,Winter wheat,2143,Othello,
4/30/2024,0,87.9,31.4,121.6,0.55,14.75,7.65,7.65,1107.6,Winter wheat,2144,Othello,
5/1/2024,0,83.9,23.4,338.4,0.05,17.25,8.65,8.65,1116.25,Winter wheat,2145,Othello,
5/2/2024,0,76.4,18.4,336,1.05,19.95,10.5,10.5,1126.75,Winter wheat,2146,Othello,
5/3/2024,0,90.5,23.4,333.1,2.85,21.75,12.3,12.3,1139.05,Winter wheat,2147,Othello,
5/4/2024,0.9,71.7,39.2,159.6,10.15,18.65,14.4,14.4,1153.45,Winter wheat,2148,Othello,
5/5/2024,6.7,100,78.6,160.2,5.85,12.45,9.15,9.15,1162.6,Winter wheat,2149,Othello,
5/6/2024,0,97.4,36.7,267.2,3.95,18.05,11,11,1173.6,Winter wheat,2150,Othello,
5/7/2024,0,79.4,27,331.3,3.55,18.35,10.95,10.95,1184.55,Winter wheat,2151,Othello,
5/8/2024,0,76.3,20.4,331.5,3.75,21.65,12.7,12.7,1197.25,Winter wheat,2152,Othello,
5/9/2024,0,87.3,19.5,345,5.45,26.55,16,16,1213.25,Winter wheat,2153,Othello,
5/10/2024,0,81.1,20.5,344.5,10.05,29.85,19.95,19.95,1233.2,Winter wheat,2154,Othello,
5/11/2024,0,77.3,19.9,346.6,11.35,30.85,21.1,21.1,1254.3,Winter wheat,2155,Othello,
5/12/2024,0,72.8,18.5,350.4,11.45,30.85,21.15,21.15,1275.45,Winter wheat,2156,Othello,
5/13/2024,0,79,24.4,332,9.75,26.55,18.15,18.15,1293.6,Winter wheat,2157,Othello,
5/14/2024,0,77.1,21.9,350.2,8.95,26.75,17.85,17.85,1311.45,Winter wheat,2158,Othello,
5/15/2024,0,75.2,21.7,344.3,10.55,28.25,19.4,19.4,1330.85,Winter wheat,2159,Othello,
5/16/2024,0,84.6,23.9,340.7,9.45,27.75,18.6,18.6,1349.45,Winter wheat,2160,Othello,
5/17/2024,0,78.4,24.4,363.7,3.95,19.95,11.95,11.95,1361.4,Winter wheat,2161,Othello,
5/18/2024,0,77.3,23.1,312.5,3.85,20.35,12.1,12.1,1373.5,Winter wheat,2162,Othello,
5/19/2024,0,73.3,24.1,313.8,5.25,20.45,12.85,12.85,1386.35,Winter wheat,2163,Othello,
5/20/2024,0,77.9,21.6,364,5.15,22.85,14,14,1400.35,Winter wheat,2164,Othello,
5/21/2024,2.5,84.7,39,189.3,5.95,17.05,11.5,11.5,1411.85,Winter wheat,2165,Othello,
5/22/2024,1.2,95.5,49.5,198.5,5.35,15.05,10.2,10.2,1422.05,Winter wheat,2166,Othello,
5/23/2024,0,96.4,32,361.7,5.55,21.55,13.55,13.55,1435.6,Winter wheat,2167,Othello,
5/24/2024,0,87.8,27.1,291.8,6.25,23.05,14.65,14.65,1450.25,Winter wheat,2168,Othello,
5/25/2024,0,87.1,30.5,292.2,5.25,20.15,12.7,12.7,1462.95,Winter wheat,2169,Othello,
5/26/2024,0,89,27.3,285.1,5.15,21.95,13.55,13.55,1476.5,Winter wheat,2170,Othello,
5/27/2024,0,90.3,26.2,341.3,7.95,25.95,16.95,16.95,1493.45,Winter wheat,2171,Othello,
5/28/2024,0,100,31.1,267,6.55,24.25,15.4,15.4,1508.85,Winter wheat,2172,Othello,
5/29/2024,0,90.3,27.1,273.3,3.05,19.95,11.5,11.5,1520.35,Winter wheat,2173,Othello,
5/30/2024,0,86.4,24.5,373.1,2.95,20.45,11.7,11.7,1532.05,Winter wheat,2174,Othello,
5/31/2024,0,78.8,21.1,370.8,5.85,24.05,14.95,14.95,1547,Winter wheat,2175,Othello,
6/1/2024,0,72.1,24.3,245.8,10.35,25.65,18,18,1565,Winter wheat,2176,Othello,
6/2/2024,2,82.2,42.6,138.6,11.55,21.25,16.4,16.4,1581.4,Winter wheat,2177,Othello,
6/3/2024,0,85.8,40.9,263.3,9.95,20.85,15.4,15.4,1596.8,Winter wheat,2178,Othello,
6/4/2024,0,100,34.1,183.3,6.95,23.45,15.2,15.2,1612,Winter wheat,2179,Othello,
6/5/2024,0,95.7,28.1,370.5,6.75,24.55,15.65,15.65,1627.65,Winter wheat,2180,Othello,
6/6/2024,0,84,18,369.4,8.35,30.25,19.3,19.3,1646.95,Winter wheat,2181,Othello,
6/7/2024,0,78.3,20.5,367.5,11.05,30.25,20.65,20.65,1667.6,Winter wheat,2182,Othello,
6/8/2024,0,79.2,18.6,359.3,10.95,31.75,21.35,21.35,1688.95,Winter wheat,2183,Othello,
6/9/2024,0,78.8,27.3,294.9,12.75,28.25,20.5,20.5,1709.45,Winter wheat,2184,Othello,
6/10/2024,0,78.2,23.3,364.6,12.55,30.15,21.35,21.35,1730.8,Winter wheat,2185,Othello,
6/11/2024,0,87.6,17,355.6,6.95,30.15,18.55,18.55,1749.35,Winter wheat,2186,Othello,
6/12/2024,0,75,17.8,379.1,6.55,26.25,16.4,16.4,1765.75,Winter wheat,2187,Othello,
6/13/2024,0,69,13.9,353,8.35,30.05,19.2,19.2,1784.95,Winter wheat,2188,Othello,
6/14/2024,0,64.8,24.2,349.4,10.05,23.45,16.75,16.75,1801.7,Winter wheat,2189,Othello,
6/15/2024,0,85.4,26.8,191.1,4.25,20.45,12.35,12.35,1814.05,Winter wheat,2190,Othello,
6/16/2024,0,84.8,27.8,341,4.25,19.85,12.05,12.05,1826.1,Winter wheat,2191,Othello,
6/17/2024,0.9,86.4,25.2,257.3,4.85,22.15,13.5,13.5,1839.6,Winter wheat,2192,Othello,
6/18/2024,0,89,27.4,359.4,6.75,23.65,15.2,15.2,1854.8,Winter wheat,2193,Othello,
6/19/2024,0,73,17.9,375,9.25,28.75,19,19,1873.8,Winter wheat,2194,Othello,
6/20/2024,0,61,14.3,374.3,12.15,31.75,21.95,21.95,1895.75,Winter wheat,2195,Othello,
6/21/2024,0,61.8,13.3,373,12.45,33.25,22.85,22.85,1918.6,Winter wheat,2196,Othello,
6/22/2024,0,62.1,14.1,264,13.85,34.15,24,24,1942.6,Winter wheat,2197,Othello,
6/23/2024,0,81.5,20.8,371.8,9.05,28.55,18.8,18.8,1961.4,Winter wheat,2198,Othello,
6/24/2024,0,80.2,21.4,373.4,8.45,27.15,17.8,17.8,1979.2,Winter wheat,2199,Othello,
6/25/2024,0,70.1,14.4,372.2,11.55,33.55,22.55,22.55,2001.75,Winter wheat,2200,Othello,
6/26/2024,0,81.1,21.9,281.5,12.05,31.15,21.6,21.6,2023.35,Winter wheat,2201,Othello,
6/27/2024,0,76.4,27.2,308.9,9.75,24.45,17.1,17.1,2040.45,Winter wheat,2202,Othello,
6/28/2024,0,82.3,25.7,368.7,9.95,26.75,18.35,18.35,2058.8,Winter wheat,2203,Othello,
6/29/2024,0,79,25.6,219,12.95,29.45,21.2,21.2,2080,Winter wheat,2204,Othello,
6/30/2024,0,91.7,30.4,354.5,12.75,30.35,21.55,21.55,2101.55,Winter wheat,2205,Othello,
7/1/2024,0,81.8,26.2,314.6,12.45,30.25,21.35,21.35,2122.9,Winter wheat,2206,Othello,
7/2/2024,0,75.2,23.7,345.3,12.55,30.35,21.45,21.45,2144.35,Winter wheat,2207,Othello,
7/3/2024,0,74,22.8,346.3,11.75,29.75,20.75,20.75,2165.1,Winter wheat,2208,Othello,
7/4/2024,0,69.4,17.7,346.2,12.05,32.75,22.4,22.4,2187.5,Winter wheat,2209,Othello,
7/5/2024,0,60.8,14.3,344.8,14.15,35.75,24.95,24.95,2212.45,Winter wheat,2210,Othello,
7/6/2024,0,55.5,12.9,347.1,14.95,36.45,25.7,25.7,2238.15,Winter wheat,2211,Othello,
7/7/2024,0,55,12.3,344.2,15.25,37.25,26.25,26.25,2264.4,Winter wheat,2212,Othello,
7/8/2024,0,51.2,11.7,342.7,16.75,38.35,27.55,27.55,2291.95,Winter wheat,2213,Othello,
7/9/2024,0,56.9,12.5,340.3,17.65,40.55,29.1,29.1,2321.05,Winter wheat,2214,Othello,
7/10/2024,0,58.5,11.8,339.5,15.55,39.45,27.5,27.5,2348.55,Winter wheat,2215,Othello,
7/11/2024,0,62.1,16.9,343.7,15.15,34.85,25,25,2373.55,Winter wheat,2216,Othello,
7/12/2024,0,63.5,16.4,338.9,15.45,36.05,25.75,25.75,2399.3,Winter wheat,2217,Othello,
7/13/2024,0,60.2,15,337.6,16.65,37.75,27.2,27.2,2426.5,Winter wheat,2218,Othello,
7/14/2024,0,58.6,14.3,338,15.65,36.75,26.2,26.2,2452.7,Winter wheat,2219,Othello,
7/15/2024,0,59.8,15.8,339.6,15.05,35.05,25.05,25.05,2477.75,Winter wheat,2220,Othello,
7/16/2024,0,49.6,10.6,338.2,16.05,38.25,27.15,27.15,2504.9,Winter wheat,2221,Othello,
7/17/2024,0,45,10,270.4,16.65,37.85,27.25,27.25,2532.15,Winter wheat,2222,Othello,
7/18/2024,0,53,12.9,332.9,16.85,37.65,27.25,27.25,2559.4,Winter wheat,2223,Othello,
7/19/2024,0,51.1,12.9,332.9,16.35,36.45,26.4,26.4,2585.8,Winter wheat,2224,Othello,
7/20/2024,0,54.7,12.4,334.4,16.35,38.35,27.35,27.35,2613.15,Winter wheat,2225,Othello,
7/21/2024,0,55.4,13.6,326.1,19.25,40.55,29.9,29.9,2643.05,Winter wheat,2226,Othello,
7/22/2024,0,100,27,321.7,11.95,33.45,22.7,22.7,2665.75,Winter wheat,2227,Othello,
7/23/2024,0,77.2,20.5,334.6,11.15,31.45,21.3,21.3,2687.05,Winter wheat,2228,Othello,
7/24/2024,0,55.8,12.6,316.3,12.15,33.65,22.9,22.9,2709.95,Winter wheat,2229,Othello,
7/25/2024,0,74.6,23.8,328,10.45,27.75,19.1,19.1,2729.05,Winter wheat,2230,Othello,
7/26/2024,0,69,18.8,326.2,9.65,28.95,19.3,19.3,2748.35,Winter wheat,2231,Othello,
7/27/2024,0,58.4,16.9,323.8,11.35,29.35,20.35,20.35,2768.7,Winter wheat,2232,Othello,
7/28/2024,0,70.9,23.9,297.9,13.55,30.25,21.9,21.9,2790.6,Winter wheat,2233,Othello,
7/29/2024,0,91.8,37.8,123.7,13.45,27.75,20.6,20.6,2811.2,Winter wheat,2234,Othello,
7/30/2024,0,100,38.5,169.9,14.75,30.95,22.85,22.85,2834.05,Winter wheat,2235,Othello,
7/31/2024,0,89.2,26.3,312.4,14.15,33.25,23.7,23.7,2857.75,Winter wheat,2236,Othello,
8/1/2024,0,71.6,16.4,310.2,15.75,37.95,26.85,26.85,2884.6,Winter wheat,2237,Othello,
8/2/2024,0,58.5,13.3,300.6,19.05,40.85,29.95,29.95,2914.55,Winter wheat,2238,Othello,
8/3/2024,0,51.5,24,229,21.45,32.45,26.95,26.95,2941.5,Winter wheat,2239,Othello,
8/4/2024,0,64.6,20.5,301.8,18.95,36.35,27.65,27.65,2969.15,Winter wheat,2240,Othello,
8/5/2024,0,68.5,17.5,300.4,16.45,36.95,26.7,26.7,2995.85,Winter wheat,2241,Othello,
8/6/2024,0,69.2,19.7,301.6,14.55,33.25,23.9,23.9,3019.75,Winter wheat,2242,Othello,
8/7/2024,0,61.5,15.4,303,14.45,34.45,24.45,24.45,3044.2,Winter wheat,2243,Othello,
8/8/2024,0,53.3,14.6,299.8,17.55,35.95,26.75,26.75,3070.95,Winter wheat,2244,Othello,
8/9/2024,0,53.9,15.8,290.8,17.65,35.25,26.45,26.45,3097.4,Winter wheat,2245,Othello,
8/10/2024,0,61.4,17.4,295.1,15.45,33.85,24.65,24.65,3122.05,Winter wheat,2246,Othello,
8/11/2024,0,66.3,19.3,292.5,14.65,32.85,23.75,23.75,3145.8,Winter wheat,2247,Othello,
8/12/2024,0,78.3,23.4,291.4,12.55,30.75,21.65,21.65,3167.45,Winter wheat,2248,Othello,
8/13/2024,0,83.7,28.8,290.1,11.25,27.45,19.35,19.35,3186.8,Winter wheat,2249,Othello,
8/14/2024,0,84.9,24.1,288.3,10.85,29.85,20.35,20.35,3207.15,Winter wheat,2250,Othello,
8/15/2024,0,83.3,30.5,276.6,12.65,28.05,20.35,20.35,3227.5,Winter wheat,2251,Othello,
8/16/2024,0,85.2,31.8,284.2,12.85,28.05,20.45,20.45,3247.95,Winter wheat,2252,Othello,
8/17/2024,0,77.1,17.5,282.2,13.25,35.55,24.4,24.4,3272.35,Winter wheat,2253,Othello,
8/18/2024,0,73.9,23.2,283.3,13.45,30.85,22.15,22.15,3294.5,Winter wheat,2254,Othello,
8/19/2024,0,67.9,18.5,249,11.75,30.65,21.2,21.2,3315.7,Winter wheat,2255,Othello,
8/20/2024,0,71.7,24.4,273.2,12.15,28.15,20.15,20.15,3335.85,Winter wheat,2256,Othello,
8/21/2024,0,84.3,29.6,270.7,10.95,26.85,18.9,18.9,3354.75,Winter wheat,2257,Othello,
8/22/2024,0,72.6,23.3,252.2,13.35,30.35,21.85,21.85,3376.6,Winter wheat,2258,Othello,
8/23/2024,1,100,48.8,208.6,8.05,21.85,14.95,14.95,3391.55,Winter wheat,2259,Othello,
8/24/2024,0,100,39,245.8,7.55,23.45,15.5,15.5,3407.05,Winter wheat,2260,Othello,
8/25/2024,0,95.9,29.9,266.7,8.45,26.15,17.3,17.3,3424.35,Winter wheat,2261,Othello,
8/26/2024,0,83.9,22.9,265.7,9.85,29.25,19.55,19.55,3443.9,Winter wheat,2262,Othello,
8/27/2024,0,91,28.8,247.3,5.85,22.85,14.35,14.35,3458.25,Winter wheat,2263,Othello,
8/28/2024,0,76.4,18.3,268.3,4.65,24.75,14.7,14.7,3472.95,Winter wheat,2264,Othello,
8/29/2024,0,69.2,14.4,266.5,7.25,29.25,18.25,18.25,3491.2,Winter wheat,2265,Othello,
8/30/2024,0,60.9,11.6,264.3,9.55,32.35,20.95,20.95,3512.15,Winter wheat,2266,Othello,
8/31/2024,0,49.3,7,262.5,11.35,35.45,23.4,23.4,3535.55,Winter wheat,2267,Othello,
9/1/2024,0,47.7,7,249.3,12.75,36.55,24.65,24.65,3560.2,Winter wheat,2268,Othello,
9/2/2024,0,42.4,10.2,216.9,16.05,33.65,24.85,24.85,3585.05,Winter wheat,2269,Othello,
9/3/2024,0,72,24.6,240,13.15,28.75,20.95,20.95,3606,Winter wheat,2270,Othello,
9/4/2024,0,76.1,17.8,239.9,12.15,33.15,22.65,22.65,3628.65,Winter wheat,2271,Othello,
9/5/2024,0,60.3,13.8,239.7,14.75,35.25,25,25,3653.65,Winter wheat,2272,Othello,
9/6/2024,0,51.1,10.4,238,14.65,35.45,25.05,25.05,3678.7,Winter wheat,2273,Othello,
9/7/2024,0,45.1,9.4,236.8,14.75,34.45,24.6,24.6,3703.3,Winter wheat,2274,Othello,
9/8/2024,0,43,11.4,201.3,14.85,31.25,23.05,23.05,3726.35,Winter wheat,2275,Othello,
9/9/2024,0,57.8,17.1,229.6,14.05,30.75,22.4,22.4,3748.75,Winter wheat,2276,Othello,
9/10/2024,0,59.3,18.9,224.1,12.85,28.55,20.7,20.7,3769.45,Winter wheat,2277,Othello,
9/11/2024,0.7,84.7,37.8,118,11.25,23.35,17.3,17.3,3786.75,Winter wheat,2278,Othello,
9/12/2024,0,83.6,36.2,215.3,11.65,24.15,17.9,17.9,3804.65,Winter wheat,2279,Othello,
9/13/2024,0,75.6,32.1,218,11.75,24.25,18,18,3822.65,Winter wheat,2280,Othello,
9/14/2024,0.3,80.9,27.5,196.2,9.85,25.55,17.7,17.7,3840.35,Winter wheat,2281,Othello,
9/15/2024,0,87.6,38.5,147.9,8.95,21.15,15.05,15.05,3855.4,Winter wheat,2282,Othello,
9/16/2024,0,96.9,27.3,195.1,7.65,26.35,17,17,3872.4,Winter wheat,2283,Othello,
9/17/2024,0,100,32.3,191.9,6.85,24.25,15.55,15.55,3887.95,Winter wheat,2284,Othello,
9/18/2024,0,93.2,32.2,207.4,9.35,25.25,17.3,17.3,3905.25,Winter wheat,2285,Othello,
9/19/2024,0,87.4,27.8,199.7,8.75,25.55,17.15,17.15,3922.4,Winter wheat,2286,Othello,
9/20/2024,0,81.5,23.1,205.4,5.95,23.75,14.85,14.85,3937.25,Winter wheat,2287,Othello,
9/21/2024,0,68.9,17.8,201.4,5.35,23.65,14.5,14.5,3951.75,Winter wheat,2288,Othello,
9/22/2024,0,59.2,15.1,198.9,7.95,25.95,16.95,16.95,3968.7,Winter wheat,2289,Othello,
9/23/2024,0,81.1,26.4,176.2,11.25,27.75,19.5,19.5,3988.2,Winter wheat,2290,Othello,
9/24/2024,0,85.6,25.2,189.4,13.15,31.55,22.35,22.35,4010.55,Winter wheat,2291,Othello,
9/25/2024,0,100,24.1,150.4,8.55,30.25,19.4,19.4,4029.95,Winter wheat,2292,Othello,
9/26/2024,0,85.2,32.2,168.8,7.15,21.25,14.2,14.2,4044.15,Winter wheat,2293,Othello,
9/27/2024,0,87.3,24.5,186.3,7.55,25.95,16.75,16.75,4060.9,Winter wheat,2294,Othello,
9/28/2024,0,90.7,27,184.9,8.45,26.25,17.35,17.35,4078.25,Winter wheat,2295,Othello,
9/29/2024,0,96,27.7,190.1,2.05,19.65,10.85,10.85,4089.1,Winter wheat,2296,Othello,
9/30/2024,0,70.5,14,183.6,0.45,19.35,9.9,9.9,4099,Winter wheat,2297,Othello,
10/1/2024,0,59.5,10.3,179.4,3.15,22.55,12.85,12.85,4111.85,Winter wheat,2298,Othello,
10/2/2024,0,68.6,15.6,181.2,2.85,20.45,11.65,11.65,4123.5,Winter wheat,2299,Othello,
10/3/2024,0,76.6,14.7,177,0.75,20.55,10.65,10.65,4134.15,Winter wheat,2300,Othello,
10/4/2024,0,83.5,27.1,104.5,2.75,17.15,9.95,9.95,4144.1,Winter wheat,2301,Othello,
10/5/2024,0,90.9,26.1,153.7,3.85,20.25,12.05,12.05,4156.15,Winter wheat,2302,Othello,
10/6/2024,0,73.4,19.1,170.7,4.75,21.45,13.1,13.1,4169.25,Winter wheat,2303,Othello,
10/7/2024,0,72.6,15.8,168,5.55,24.35,14.95,14.95,4184.2,Winter wheat,2304,Othello,
10/8/2024,0,75,18.7,149.9,7.35,24.95,16.15,16.15,4200.35,Winter wheat,2305,Othello,
10/9/2024,0,100,32.1,122.1,4.35,20.95,12.65,12.65,4213,Winter wheat,2306,Othello,
10/10/2024,0,88.9,23.2,164.7,2.05,19.35,10.7,10.7,4223.7,Winter wheat,2307,Othello,
10/11/2024,0,69.4,19.5,122.1,3.05,18.35,10.7,10.7,4234.4,Winter wheat,2308,Othello,
10/12/2024,0,73.5,16.3,146.5,5.35,23.95,14.65,14.65,4249.05,Winter wheat,2309,Othello,
10/13/2024,0,84.4,21.6,152.9,4.75,22.35,13.55,13.55,4262.6,Winter wheat,2310,Othello,
10/14/2024,0,89.6,23.8,149.1,5.85,23.45,14.65,14.65,4277.25,Winter wheat,2311,Othello,
10/15/2024,0.6,91.3,34.8,139.4,9.05,22.35,15.7,15.7,4292.95,Winter wheat,2312,Othello,
10/16/2024,0.4,100,39.6,108.8,4.45,17.65,11.05,11.05,4304,Winter wheat,2313,Othello,
10/17/2024,0,94.2,30.4,118.7,0.35,15.05,7.7,7.7,4311.7,Winter wheat,2314,Othello,
10/18/2024,0,89.1,32.4,97.3,0.35,13.35,6.85,6.85,4318.55,Winter wheat,2315,Othello,
10/19/2024,0,78.8,35.3,71.1,9.35,19.95,14.65,14.65,4333.2,Winter wheat,2316,Othello,
10/20/2024,3.2,83.2,26,127.6,8.65,24.15,16.4,16.4,4349.6,Winter wheat,2317,Othello,
10/21/2024,0,100,57.3,106.9,2.55,16.05,9.3,9.3,4358.9,Winter wheat,2318,Othello,
10/22/2024,0,100,36.7,137,0.25,14.55,7.4,7.4,4366.3,Winter wheat,2319,Othello,
10/23/2024,0,97.8,39.5,135.5,-1.05,10.85,4.9,4.9,4371.2,Winter wheat,2320,Othello,
10/24/2024,0,92.9,34.2,131.9,-0.85,12.05,5.6,5.6,4376.8,Winter wheat,2321,Othello,
10/25/2024,0,79.8,27.4,111.4,1.35,14.75,8.05,8.05,4384.85,Winter wheat,2322,Othello,
10/26/2024,1.5,88.2,23.5,115.1,2.75,19.85,11.3,11.3,4396.15,Winter wheat,2323,Othello,
10/27/2024,0,100,44.4,83.3,3.65,16.15,9.9,9.9,4406.05,Winter wheat,2324,Othello,
10/28/2024,0,100,40.6,69,-0.05,13.45,6.7,6.7,4412.75,Winter wheat,2325,Othello,
10/29/2024,0,100,40.1,119.9,-1.45,12.75,5.65,5.65,4418.4,Winter wheat,2326,Othello,
10/30/2024,1.6,100,51,102.3,0.05,9.65,4.85,4.85,4423.25,Winter wheat,2327,Othello,
10/31/2024,3.8,93.3,58.8,73.8,3.35,9.85,6.6,6.6,4429.85,Winter wheat,2328,Othello,
11/1/2024,6.2,89.8,76.1,43.2,6.95,9.55,8.25,8.25,4438.1,Winter wheat,2329,Othello,
11/2/2024,0,100,51.8,47.5,1.35,13.45,7.4,7.4,4445.5,Winter wheat,2330,Othello,
11/3/2024,0,100,40.7,87.6,0.35,13.85,7.1,7.1,4452.6,Winter wheat,2331,Othello,
11/4/2024,1.4,88.4,43.2,49.1,3.65,13.35,8.5,8.5,4461.1,Winter wheat,2332,Othello,
11/5/2024,0,95,31.7,98.7,-2.25,11.95,4.85,4.85,4465.95,Winter wheat,2333,Othello,
11/6/2024,0,83,29.7,93.2,-2.15,10.75,4.3,4.3,4470.25,Winter wheat,2334,Othello,
11/7/2024,0,84.4,32.3,93.3,-1.65,10.55,4.45,4.45,4474.7,Winter wheat,2335,Othello,
11/8/2024,0,86.3,35.6,86.4,-1.45,9.95,4.25,4.25,4478.95,Winter wheat,2336,Othello,
11/9/2024,0.8,88.7,45.8,65.7,-0.05,8.75,4.35,4.35,4483.3,Winter wheat,2337,Othello,
11/10/2024,0.4,80.5,57.5,52.7,4.45,9.05,6.75,6.75,4490.05,Winter wheat,2338,Othello,
11/11/2024,0,86.7,44.1,77.1,3.25,12.35,7.8,7.8,4497.85,Winter wheat,2339,Othello,
11/12/2024,5.6,80.3,37.2,80.9,3.45,13.55,8.5,8.5,4506.35,Winter wheat,2340,Othello,
11/13/2024,8.8,90.7,78.7,35.3,6.55,8.85,7.7,7.7,4514.05,Winter wheat,2341,Othello,
11/14/2024,0,100,53.2,79.6,0.75,12.25,6.5,6.5,4520.55,Winter wheat,2342,Othello,
11/15/2024,0,99.2,43.5,76.8,-0.75,10.35,4.8,4.8,4525.35,Winter wheat,2343,Othello,
11/16/2024,0.7,95.6,54.2,69.6,-1.85,5.85,2,2,4527.35,Winter wheat,2344,Othello,
11/17/2024,1.3,100,54.8,46.4,0.35,12.45,6.4,6.4,4533.75,Winter wheat,2345,Othello,
11/18/2024,0,100,52.1,77.8,-1.55,7.55,3,3,4536.75,Winter wheat,2346,Othello,
11/19/2024,11.7,83.2,50.6,56,-0.05,6.55,3.25,3.25,4540,Winter wheat,2347,Othello,
11/20/2024,3.4,98,63.6,37,2.75,8.95,5.85,5.85,4545.85,Winter wheat,2348,Othello,
11/21/2024,13.1,100,82.1,26.7,2.95,7.25,5.1,5.1,4550.95,Winter wheat,2349,Othello,
11/22/2024,6.5,95.5,74.4,30.6,4.75,8.55,6.65,6.65,4557.6,Winter wheat,2350,Othello,
11/23/2024,0.4,100,75.4,55.7,0.35,7.95,4.15,4.15,4561.75,Winter wheat,2351,Othello,
11/24/2024,2.3,100,69.8,46.8,-0.15,5.65,2.75,2.75,4564.5,Winter wheat,2352,Othello,
11/25/2024,0,97.9,58.9,41.5,0.45,7.55,4,4,4568.5,Winter wheat,2353,Othello,
11/26/2024,0,100,57.5,71.9,-1.25,6.65,2.7,2.7,4571.2,Winter wheat,2354,Othello,
11/27/2024,0,93.9,73,70,-1.55,2.15,0.3,0.3,4571.5,Winter wheat,2355,Othello,
11/28/2024,0,86.7,79.6,71.6,-1.55,-0.05,-0.8,0,4571.5,Winter wheat,2356,Othello,
11/29/2024,0,81.1,73.8,69.7,-1.05,0.45,-0.3,0,4571.5,Winter wheat,2357,Othello,
11/30/2024,0,83.9,79.3,41.2,-0.85,1.05,0.1,0.1,4571.6,Winter wheat,2358,Othello,
12/1/2024,0,77.8,70,65.8,-0.05,2.45,1.2,1.2,4572.8,Winter wheat,2359,Othello,
12/2/2024,0,72.1,70.1,67.5,-0.15,1.25,0.55,0.55,4573.35,Winter wheat,2360,Othello,
12/3/2024,0,68.8,68.7,66.4,-0.25,0.75,0.25,0.25,4573.6,Winter wheat,2361,Othello,
12/4/2024,0,67.8,67.8,65.5,-0.85,-0.05,-0.45,0,4573.6,Winter wheat,2362,Othello,
12/5/2024,0,65.7,65.4,65,-0.95,0.05,-0.45,0,4573.6,Winter wheat,2363,Othello,
12/6/2024,0,71.7,70.3,46.8,-1.55,-0.25,-0.9,0,4573.6,Winter wheat,2364,Othello,
12/7/2024,1.5,91.8,80.9,23,-1.85,1.05,-0.4,0,4573.6,Winter wheat,2365,Othello,
12/8/2024,0,98.4,52.8,22.4,-3.35,6.15,1.4,1.4,4575,Winter wheat,2366,Othello,
12/9/2024,0,95.1,61.8,63.4,-3.85,3.05,-0.4,0,4575,Winter wheat,2367,Othello,
12/10/2024,0,73.9,73.6,63,-1.35,-0.25,-0.8,0,4575,Winter wheat,2368,Othello,
12/11/2024,0,78.9,78.9,59,-1.05,-0.25,-0.65,0,4575,Winter wheat,2369,Othello,
12/12/2024,0.8,83.4,64.8,26.9,-0.85,3.65,1.4,1.4,4576.4,Winter wheat,2370,Othello,
12/13/2024,5,88.1,72.4,40.6,-0.05,3.75,1.85,1.85,4578.25,Winter wheat,2371,Othello,
12/14/2024,0,95,56.3,48.3,-0.05,8.25,4.1,4.1,4582.35,Winter wheat,2372,Othello,
12/15/2024,0.8,88.5,54.5,50.6,-0.35,7.35,3.5,3.5,4585.85,Winter wheat,2373,Othello,
12/16/2024,3.2,84.2,79.1,28.4,0.35,2.35,1.35,1.35,4587.2,Winter wheat,2374,Othello,
12/17/2024,8.3,86.8,69.3,23.9,0.95,5.15,3.05,3.05,4590.25,Winter wheat,2375,Othello,
12/18/2024,0,100,52.5,53.1,1.15,11.65,6.4,6.4,4596.65,Winter wheat,2376,Othello,
12/19/2024,0,98.3,62.9,35.4,-0.15,7.15,3.5,3.5,4600.15,Winter wheat,2377,Othello,
12/20/2024,0.6,100,67.8,43.5,-0.95,5.55,2.3,2.3,4602.45,Winter wheat,2378,Othello,
12/21/2024,3.1,98.7,80,26.1,-0.45,3.65,1.6,1.6,4604.05,Winter wheat,2379,Othello,
12/22/2024,3.1,100,84.1,29.7,0.35,4.45,2.4,2.4,4606.45,Winter wheat,2380,Othello,
12/23/2024,8.1,96.9,72.1,59.5,2.45,7.75,5.1,5.1,4611.55,Winter wheat,2381,Othello,
12/24/2024,3,100,84.7,43.6,-0.55,6.35,2.9,2.9,4614.45,Winter wheat,2382,Othello,
12/25/2024,16.8,100,69.8,47.1,-0.35,5.95,2.8,2.8,4617.25,Winter wheat,2383,Othello,
12/26/2024,2.4,90.8,54.7,42.4,3.15,11.35,7.25,7.25,4624.5,Winter wheat,2384,Othello,
12/27/2024,2.2,84.6,74.4,21,3.55,6.45,5,5,4629.5,Winter wheat,2385,Othello,
12/28/2024,4.9,78.5,51,60,4.15,11.15,7.65,7.65,4637.15,Winter wheat,2386,Othello,
12/29/2024,2.3,95.8,73.2,15.3,1.35,6.25,3.8,3.8,4640.95,Winter wheat,2387,Othello,
12/30/2024,0,95.1,56.1,48.2,-1.55,6.75,2.6,2.6,4643.55,Winter wheat,2388,Othello,
12/31/2024,0.3,95.7,87.2,33.1,-1.85,1.05,-0.4,0,4643.55,Winter wheat,2389,Othello,
