date,pr,rmax,rmin,srad,tmin,tmax,ws,tavg,gdd,cgdd,ravg,trials,plant,year,location,env_abbr,gps_location
2024-01-01,0.8,74.0,74.0,52.5,1.150000000000034,2.650000000000034,1.2000000000000002,1.900000000000034,1.900000000000034,1.900000000000034,74.0,T41,Winter Wheat,2024,Othello,24OTHW,"46.788972, -119.039111"
2024-01-02,5.2,75.60000000000001,73.7,53.1,1.0500000000000114,2.9500000000000455,1.4000000000000001,2.0000000000000284,2.0000000000000284,3.9000000000000625,74.65,T41,Winter Wheat,2024,Othello,24OTHW,"46.788972, -119.039111"
2024-01-03,0.7000000000000001,87.30000000000001,80.7,25.900000000000002,0.6500000000000341,3.3500000000000227,1.5,2.0000000000000284,2.0000000000000284,5.900000000000091,84.0,T41,Winter Wheat,2024,Othello,24OTHW,"46.788972, -119.039111"
2024-01-04,0.7000000000000001,92.0,64.7,27.8,-1.1499999999999773,5.25,2.0,2.0500000000000114,2.0500000000000114,7.950000000000102,78.35,T41,Winter Wheat,2024,Othello,24OTHW,"46.788972, -119.039111"
2024-01-05,0.30000000000000004,86.2,57.1,44.7,-0.8499999999999659,6.350000000000023,2.8000000000000003,2.7500000000000284,2.7500000000000284,10.70000000000013,71.65,T41,Winter Wheat,2024,Othello,24OTHW,"46.788972, -119.039111"
2024-01-06,0.0,99.30000000000001,59.2,49.2,-2.0499999999999545,6.650000000000034,3.7,2.30000000000004,2.30000000000004,13.00000000000017,79.25,T41,Winter Wheat,2024,Othello,24OTHW,"46.788972, -119.039111"
2024-01-07,0.0,96.60000000000001,58.400000000000006,60.0,-3.349999999999966,5.050000000000011,1.8,0.8500000000000227,0.8500000000000227,13.850000000000193,77.5,T41,Winter Wheat,2024,Othello,24OTHW,"46.788972, -119.039111"
2024-01-08,2.7,95.7,62.0,32.4,-2.4499999999999886,5.050000000000011,1.2000000000000002,1.3000000000000114,1.3000000000000114,15.150000000000205,78.85,T41,Winter Wheat,2024,Othello,24OTHW,"46.788972, -119.039111"
2024-01-09,1.7000000000000002,93.10000000000001,66.7,52.1,0.05000000000001137,6.25,7.1000000000000005,3.1500000000000057,3.1500000000000057,18.30000000000021,79.9,T41,Winter Wheat,2024,Othello,24OTHW,"46.788972, -119.039111"
2024-01-10,0.0,100.0,68.10000000000001,54.300000000000004,-4.349999999999966,4.9500000000000455,1.7000000000000002,0.3000000000000398,0.3000000000000398,18.60000000000025,84.05000000000001,T41,Winter Wheat,2024,Othello,24OTHW,"46.788972, -119.039111"
2024-01-11,0.30000000000000004,100.0,76.2,41.400000000000006,-13.549999999999955,2.3500000000000227,4.2,-5.599999999999966,0.0,18.60000000000025,88.1,T41,Winter Wheat,2024,Othello,24OTHW,"46.788972, -119.039111"
2024-01-12,0.0,100.0,70.5,31.6,-19.44999999999999,-12.549999999999955,6.9,-15.999999999999972,0.0,18.60000000000025,85.25,T41,Winter Wheat,2024,Othello,24OTHW,"46.788972, -119.039111"
2024-01-13,0.0,64.5,42.900000000000006,65.5,-19.549999999999983,-13.349999999999966,4.800000000000001,-16.449999999999974,0.0,18.60000000000025,53.7,T41,Winter Wheat,2024,Othello,24OTHW,"46.788972, -119.039111"
2024-01-14,0.0,81.10000000000001,52.5,65.10000000000001,-16.349999999999966,-9.549999999999955,1.2000000000000002,-12.94999999999996,0.0,18.60000000000025,66.80000000000001,T41,Winter Wheat,2024,Othello,24OTHW,"46.788972, -119.039111"
2024-01-15,0.0,100.0,59.0,66.60000000000001,-16.849999999999966,-8.049999999999955,2.0,-12.44999999999996,0.0,18.60000000000025,79.5,T41,Winter Wheat,2024,Othello,24OTHW,"46.788972, -119.039111"
2024-01-16,0.4,100.0,72.2,62.0,-15.649999999999977,-8.149999999999977,0.8,-11.899999999999977,0.0,18.60000000000025,86.1,T41,Winter Wheat,2024,Othello,24OTHW,"46.788972, -119.039111"
2024-01-17,0.30000000000000004,100.0,100.0,29.1,-15.449999999999989,-7.849999999999966,0.9,-11.649999999999977,0.0,18.60000000000025,100.0,T41,Winter Wheat,2024,Othello,24OTHW,"46.788972, -119.039111"
2024-01-18,3.3000000000000003,100.0,93.10000000000001,34.2,-11.75,-3.0499999999999545,3.3000000000000003,-7.399999999999977,0.0,18.60000000000025,96.55000000000001,T41,Winter Wheat,2024,Othello,24OTHW,"46.788972, -119.039111"
2024-01-19,1.4000000000000001,100.0,94.10000000000001,35.800000000000004,-4.649999999999977,-1.5499999999999545,2.4000000000000004,-3.099999999999966,0.0,18.60000000000025,97.05000000000001,T41,Winter Wheat,2024,Othello,24OTHW,"46.788972, -119.039111"
2024-01-20,3.9000000000000004,100.0,85.80000000000001,53.0,-3.75,0.5500000000000114,0.5,-1.5999999999999943,0.0,18.60000000000025,92.9,T41,Winter Wheat,2024,Othello,24OTHW,"46.788972, -119.039111"
2024-01-21,3.4000000000000004,100.0,88.10000000000001,32.300000000000004,-1.4499999999999886,2.150000000000034,1.0,0.35000000000002274,0.35000000000002274,18.950000000000273,94.05000000000001,T41,Winter Wheat,2024,Othello,24OTHW,"46.788972, -119.039111"
2024-01-22,0.5,97.0,84.10000000000001,30.200000000000003,-0.14999999999997726,3.4500000000000455,1.6,1.650000000000034,1.650000000000034,20.600000000000307,90.55000000000001,T41,Winter Wheat,2024,Othello,24OTHW,"46.788972, -119.039111"
2024-01-23,0.9,95.5,86.5,41.400000000000006,-0.44999999999998863,2.5500000000000114,2.1,1.0500000000000114,1.0500000000000114,21.65000000000032,91.0,T41,Winter Wheat,2024,Othello,24OTHW,"46.788972, -119.039111"
2024-01-24,1.1,86.60000000000001,77.0,32.7,-0.049999999999954525,3.150000000000034,1.5,1.5500000000000398,1.5500000000000398,23.200000000000358,81.80000000000001,T41,Winter Wheat,2024,Othello,24OTHW,"46.788972, -119.039111"
2024-01-25,0.5,94.60000000000001,85.0,36.6,-0.75,2.3500000000000227,2.2,0.8000000000000114,0.8000000000000114,24.00000000000037,89.80000000000001,T41,Winter Wheat,2024,Othello,24OTHW,"46.788972, -119.039111"
2024-01-26,4.5,92.2,72.5,64.5,-0.5499999999999545,4.350000000000023,1.7000000000000002,1.900000000000034,1.900000000000034,25.900000000000404,82.35,T41,Winter Wheat,2024,Othello,24OTHW,"46.788972, -119.039111"
2024-01-27,4.6000000000000005,92.10000000000001,73.2,27.200000000000003,1.0500000000000114,5.850000000000023,1.3,3.450000000000017,3.450000000000017,29.35000000000042,82.65,T41,Winter Wheat,2024,Othello,24OTHW,"46.788972, -119.039111"
2024-01-28,0.0,91.2,57.6,60.800000000000004,1.0500000000000114,9.050000000000011,2.5,5.050000000000011,5.050000000000011,34.40000000000043,74.4,T41,Winter Wheat,2024,Othello,24OTHW,"46.788972, -119.039111"
2024-01-29,0.0,90.10000000000001,42.5,76.5,0.75,12.850000000000023,1.5,6.800000000000011,6.800000000000011,41.20000000000044,66.30000000000001,T41,Winter Wheat,2024,Othello,24OTHW,"46.788972, -119.039111"
2024-01-30,0.4,95.4,64.3,64.5,0.9500000000000455,8.050000000000011,1.3,4.500000000000028,4.500000000000028,45.70000000000047,79.85,T41,Winter Wheat,2024,Othello,24OTHW,"46.788972, -119.039111"
2024-01-31,1.8,98.0,60.900000000000006,42.400000000000006,1.9500000000000455,10.25,1.6,6.100000000000023,6.100000000000023,51.800000000000495,79.45,T41,Winter Wheat,2024,Othello,24OTHW,"46.788972, -119.039111"
2024-02-01,0.5,91.9,65.10000000000001,39.1,3.9500000000000455,9.950000000000045,1.7000000000000002,6.9500000000000455,6.9500000000000455,58.75000000000054,78.5,T41,Winter Wheat,2024,Othello,24OTHW,"46.788972, -119.039111"
2024-02-02,0.0,98.9,82.4,60.800000000000004,3.25,7.050000000000011,0.8,5.150000000000006,5.150000000000006,63.900000000000546,90.65,T41,Winter Wheat,2024,Othello,24OTHW,"46.788972, -119.039111"
2024-02-03,0.0,95.80000000000001,69.7,79.9,1.75,7.350000000000023,2.0,4.550000000000011,4.550000000000011,68.45000000000056,82.75,T41,Winter Wheat,2024,Othello,24OTHW,"46.788972, -119.039111"
2024-02-04,1.0,90.60000000000001,51.0,84.0,0.6500000000000341,9.650000000000034,2.0,5.150000000000034,5.150000000000034,73.60000000000059,70.80000000000001,T41,Winter Wheat,2024,Othello,24OTHW,"46.788972, -119.039111"
2024-02-05,2.3000000000000003,79.0,60.2,27.6,2.8500000000000227,7.650000000000034,2.3000000000000003,5.250000000000028,5.250000000000028,78.85000000000062,69.6,T41,Winter Wheat,2024,Othello,24OTHW,"46.788972, -119.039111"
2024-02-06,0.4,87.60000000000001,64.7,58.300000000000004,1.4500000000000455,6.75,0.7000000000000001,4.100000000000023,4.100000000000023,82.95000000000064,76.15,T41,Winter Wheat,2024,Othello,24OTHW,"46.788972, -119.039111"
2024-02-07,0.0,95.9,62.300000000000004,66.9,0.75,7.850000000000023,0.7000000000000001,4.300000000000011,4.300000000000011,87.25000000000065,79.10000000000001,T41,Winter Wheat,2024,Othello,24OTHW,"46.788972, -119.039111"
2024-02-08,0.0,85.4,50.0,80.4,0.9500000000000455,9.350000000000023,2.4000000000000004,5.150000000000034,5.150000000000034,92.40000000000069,67.7,T41,Winter Wheat,2024,Othello,24OTHW,"46.788972, -119.039111"
2024-02-09,0.0,100.0,48.300000000000004,95.80000000000001,-1.849999999999966,9.350000000000023,1.5,3.7500000000000284,3.7500000000000284,96.15000000000072,74.15,T41,Winter Wheat,2024,Othello,24OTHW,"46.788972, -119.039111"
2024-02-10,0.0,98.2,48.1,82.30000000000001,-2.25,8.550000000000011,1.2000000000000002,3.1500000000000057,3.1500000000000057,99.30000000000072,73.15,T41,Winter Wheat,2024,Othello,24OTHW,"46.788972, -119.039111"
2024-02-11,0.0,86.60000000000001,53.0,43.0,0.75,8.550000000000011,2.4000000000000004,4.650000000000006,4.650000000000006,103.95000000000073,69.80000000000001,T41,Winter Wheat,2024,Othello,24OTHW,"46.788972, -119.039111"
2024-02-12,0.0,100.0,59.400000000000006,53.7,-0.25,9.25,2.7,4.5,4.5,108.45000000000073,79.7,T41,Winter Wheat,2024,Othello,24OTHW,"46.788972, -119.039111"
2024-02-13,0.0,97.0,50.900000000000006,115.9,-1.349999999999966,8.550000000000011,2.0,3.6000000000000227,3.6000000000000227,112.05000000000075,73.95,T41,Winter Wheat,2024,Othello,24OTHW,"46.788972, -119.039111"
2024-02-14,0.5,75.8,57.2,112.0,-0.14999999999997726,4.650000000000034,3.7,2.2500000000000284,2.2500000000000284,114.30000000000078,66.5,T41,Winter Wheat,2024,Othello,24OTHW,"46.788972, -119.039111"
2024-02-15,0.0,100.0,80.4,39.400000000000006,-4.75,1.25,3.3000000000000003,-1.75,0.0,114.30000000000078,90.2,T41,Winter Wheat,2024,Othello,24OTHW,"46.788972, -119.039111"
2024-02-16,0.0,94.80000000000001,54.300000000000004,122.80000000000001,-4.949999999999989,3.5500000000000114,3.2,-0.6999999999999886,0.0,114.30000000000078,74.55000000000001,T41,Winter Wheat,2024,Othello,24OTHW,"46.788972, -119.039111"
2024-02-17,0.0,88.30000000000001,51.7,111.7,-3.6499999999999773,4.550000000000011,3.0,0.45000000000001705,0.45000000000001705,114.7500000000008,70.0,T41,Winter Wheat,2024,Othello,24OTHW,"46.788972, -119.039111"
2024-02-18,0.5,78.0,71.9,55.900000000000006,1.0500000000000114,3.25,1.3,2.1500000000000057,2.1500000000000057,116.9000000000008,74.95,T41,Winter Wheat,2024,Othello,24OTHW,"46.788972, -119.039111"
2024-02-19,1.3,76.10000000000001,57.800000000000004,62.5,2.25,7.050000000000011,1.7000000000000002,4.650000000000006,4.650000000000006,121.55000000000081,66.95,T41,Winter Wheat,2024,Othello,24OTHW,"46.788972, -119.039111"
2024-02-20,0.0,78.2,57.400000000000006,88.7,2.75,8.050000000000011,1.0,5.400000000000006,5.400000000000006,126.95000000000081,67.80000000000001,T41,Winter Wheat,2024,Othello,24OTHW,"46.788972, -119.039111"
2024-02-21,0.5,91.2,55.1,60.400000000000006,1.75,9.850000000000023,1.6,5.800000000000011,5.800000000000011,132.75000000000082,73.15,T41,Winter Wheat,2024,Othello,24OTHW,"46.788972, -119.039111"
2024-02-22,3.5,99.80000000000001,47.5,129.70000000000002,0.35000000000002274,11.75,1.7000000000000002,6.050000000000011,6.050000000000011,138.80000000000084,73.65,T41,Winter Wheat,2024,Othello,24OTHW,"46.788972, -119.039111"
2024-02-23,1.3,94.10000000000001,39.300000000000004,123.5,0.05000000000001137,13.150000000000034,1.2000000000000002,6.600000000000023,6.600000000000023,145.40000000000086,66.7,T41,Winter Wheat,2024,Othello,24OTHW,"46.788972, -119.039111"
2024-02-24,2.3000000000000003,78.7,45.800000000000004,117.60000000000001,3.25,11.75,3.2,7.5,7.5,152.90000000000086,62.25,T41,Winter Wheat,2024,Othello,24OTHW,"46.788972, -119.039111"
2024-02-25,0.0,100.0,56.400000000000006,73.0,0.6500000000000341,11.950000000000045,5.800000000000001,6.30000000000004,6.30000000000004,159.2000000000009,78.2,T41,Winter Wheat,2024,Othello,24OTHW,"46.788972, -119.039111"
2024-02-26,0.0,84.2,32.300000000000004,85.5,-0.3499999999999659,13.650000000000034,5.0,6.650000000000034,6.650000000000034,165.85000000000093,58.25,T41,Winter Wheat,2024,Othello,24OTHW,"46.788972, -119.039111"
2024-02-27,0.0,71.7,24.900000000000002,116.60000000000001,-0.3499999999999659,14.650000000000034,4.1000000000000005,7.150000000000034,7.150000000000034,173.00000000000097,48.300000000000004,T41,Winter Wheat,2024,Othello,24OTHW,"46.788972, -119.039111"
2024-02-28,0.0,100.0,40.400000000000006,58.2,0.1500000000000341,16.150000000000034,6.0,8.150000000000034,8.150000000000034,181.150000000001,70.2,T41,Winter Wheat,2024,Othello,24OTHW,"46.788972, -119.039111"
2024-02-29,0.0,100.0,32.6,106.9,0.6500000000000341,17.350000000000023,5.800000000000001,9.000000000000028,9.000000000000028,190.15000000000103,66.3,T41,Winter Wheat,2024,Othello,24OTHW,"46.788972, -119.039111"
2024-03-01,0.9,81.7,40.5,161.70000000000002,0.25,9.25,3.9000000000000004,4.75,4.75,194.90000000000103,61.1,T41,Winter Wheat,2024,Othello,24OTHW,"46.788972, -119.039111"
2024-03-02,0.0,98.60000000000001,41.300000000000004,120.0,-2.849999999999966,8.650000000000034,4.1000000000000005,2.900000000000034,2.900000000000034,197.80000000000106,69.95,T41,Winter Wheat,2024,Othello,24OTHW,"46.788972, -119.039111"
2024-03-03,0.0,91.2,38.400000000000006,154.8,-2.6499999999999773,8.550000000000011,2.8000000000000003,2.950000000000017,2.950000000000017,200.75000000000108,64.80000000000001,T41,Winter Wheat,2024,Othello,24OTHW,"46.788972, -119.039111"
2024-03-04,0.0,92.4,37.800000000000004,118.30000000000001,-2.6499999999999773,8.950000000000045,3.6,3.150000000000034,3.150000000000034,203.9000000000011,65.10000000000001,T41,Winter Wheat,2024,Othello,24OTHW,"46.788972, -119.039111"
2024-03-05,0.0,99.60000000000001,35.7,184.0,-4.75,8.550000000000011,1.0,1.9000000000000057,1.9000000000000057,205.80000000000112,67.65,T41,Winter Wheat,2024,Othello,24OTHW,"46.788972, -119.039111"
2024-03-06,0.0,93.0,31.1,187.60000000000002,-5.25,8.650000000000034,0.8,1.700000000000017,1.700000000000017,207.50000000000114,62.05,T41,Winter Wheat,2024,Othello,24OTHW,"46.788972, -119.039111"
2024-03-07,0.0,80.4,27.3,190.8,-4.0499999999999545,9.25,1.2000000000000002,2.6000000000000227,2.6000000000000227,210.10000000000116,53.85,T41,Winter Wheat,2024,Othello,24OTHW,"46.788972, -119.039111"
2024-03-08,0.0,88.5,25.6,125.10000000000001,-3.25,12.450000000000045,1.2000000000000002,4.600000000000023,4.600000000000023,214.70000000000118,57.05,T41,Winter Wheat,2024,Othello,24OTHW,"46.788972, -119.039111"
2024-03-09,0.5,93.80000000000001,29.1,133.1,-1.25,14.050000000000011,3.4000000000000004,6.400000000000006,6.400000000000006,221.1000000000012,61.45,T41,Winter Wheat,2024,Othello,24OTHW,"46.788972, -119.039111"
2024-03-10,0.0,86.2,36.4,104.80000000000001,2.8500000000000227,14.25,5.2,8.550000000000011,8.550000000000011,229.6500000000012,61.3,T41,Winter Wheat,2024,Othello,24OTHW,"46.788972, -119.039111"
2024-03-11,1.1,99.7,44.900000000000006,127.2,1.5500000000000114,12.450000000000045,3.8000000000000003,7.000000000000028,7.000000000000028,236.65000000000123,72.30000000000001,T41,Winter Wheat,2024,Othello,24OTHW,"46.788972, -119.039111"
2024-03-12,0.0,100.0,39.900000000000006,99.5,-0.8499999999999659,14.550000000000011,4.800000000000001,6.850000000000023,6.850000000000023,243.50000000000125,69.95,T41,Winter Wheat,2024,Othello,24OTHW,"46.788972, -119.039111"
2024-03-13,0.0,100.0,29.200000000000003,203.70000000000002,-2.5499999999999545,13.850000000000023,3.0,5.650000000000034,5.650000000000034,249.15000000000128,64.6,T41,Winter Wheat,2024,Othello,24OTHW,"46.788972, -119.039111"
2024-03-14,0.0,100.0,27.0,205.70000000000002,-2.0499999999999545,15.150000000000034,1.4000000000000001,6.55000000000004,6.55000000000004,255.70000000000132,63.5,T41,Winter Wheat,2024,Othello,24OTHW,"46.788972, -119.039111"
2024-03-15,0.0,94.30000000000001,26.1,205.4,0.6500000000000341,17.650000000000034,2.1,9.150000000000034,9.150000000000034,264.8500000000014,60.2,T41,Winter Wheat,2024,Othello,24OTHW,"46.788972, -119.039111"
2024-03-16,0.0,90.60000000000001,22.900000000000002,207.9,3.0500000000000114,21.350000000000023,1.7000000000000002,12.200000000000017,12.200000000000017,277.05000000000143,56.75000000000001,T41,Winter Wheat,2024,Othello,24OTHW,"46.788972, -119.039111"
2024-03-17,0.0,96.80000000000001,24.900000000000002,210.10000000000002,3.4500000000000455,21.850000000000023,1.1,12.650000000000034,12.650000000000034,289.70000000000147,60.85000000000001,T41,Winter Wheat,2024,Othello,24OTHW,"46.788972, -119.039111"
2024-03-18,0.0,94.9,25.1,212.70000000000002,5.150000000000034,23.350000000000023,0.6000000000000001,14.250000000000028,14.250000000000028,303.9500000000015,60.0,T41,Winter Wheat,2024,Othello,24OTHW,"46.788972, -119.039111"
2024-03-19,0.0,100.0,26.700000000000003,214.9,4.550000000000011,23.950000000000045,1.5,14.250000000000028,14.250000000000028,318.2000000000015,63.35,T41,Winter Wheat,2024,Othello,24OTHW,"46.788972, -119.039111"
2024-03-20,0.0,90.30000000000001,29.900000000000002,216.8,4.9500000000000455,19.950000000000045,3.5,12.450000000000045,12.450000000000045,330.65000000000157,60.10000000000001,T41,Winter Wheat,2024,Othello,24OTHW,"46.788972, -119.039111"
2024-03-21,0.0,87.7,32.9,193.8,4.850000000000023,18.05000000000001,3.8000000000000003,11.450000000000017,11.450000000000017,342.1000000000016,60.3,T41,Winter Wheat,2024,Othello,24OTHW,"46.788972, -119.039111"
2024-03-22,1.4000000000000001,99.80000000000001,38.0,143.1,4.25,17.650000000000034,2.2,10.950000000000017,10.950000000000017,353.05000000000166,68.9,T41,Winter Wheat,2024,Othello,24OTHW,"46.788972, -119.039111"
2024-03-23,1.6,90.2,46.800000000000004,175.5,5.75,14.75,3.2,10.25,10.25,363.30000000000166,68.5,T41,Winter Wheat,2024,Othello,24OTHW,"46.788972, -119.039111"
2024-03-24,0.0,100.0,35.6,126.9,0.9500000000000455,15.75,2.0,8.350000000000023,8.350000000000023,371.6500000000017,67.8,T41,Winter Wheat,2024,Othello,24OTHW,"46.788972, -119.039111"
2024-03-25,0.0,100.0,34.2,166.20000000000002,-0.44999999999998863,14.550000000000011,2.6,7.050000000000011,7.050000000000011,378.7000000000017,67.1,T41,Winter Wheat,2024,Othello,24OTHW,"46.788972, -119.039111"
2024-03-26,0.0,100.0,32.4,146.8,0.6500000000000341,15.950000000000045,3.8000000000000003,8.30000000000004,8.30000000000004,387.0000000000017,66.2,T41,Winter Wheat,2024,Othello,24OTHW,"46.788972, -119.039111"
2024-03-27,6.7,100.0,61.400000000000006,91.5,3.150000000000034,10.050000000000011,3.3000000000000003,6.600000000000023,6.600000000000023,393.6000000000017,80.7,T41,Winter Wheat,2024,Othello,24OTHW,"46.788972, -119.039111"
2024-03-28,0.0,89.0,41.6,198.3,3.25,13.450000000000045,3.1,8.350000000000023,8.350000000000023,401.95000000000175,65.3,T41,Winter Wheat,2024,Othello,24OTHW,"46.788972, -119.039111"
2024-03-29,0.0,86.80000000000001,31.0,228.70000000000002,1.3500000000000227,14.850000000000023,1.9000000000000001,8.100000000000023,8.100000000000023,410.0500000000018,58.900000000000006,T41,Winter Wheat,2024,Othello,24OTHW,"46.788972, -119.039111"
2024-03-30,0.0,80.9,24.900000000000002,248.9,1.150000000000034,16.25,2.4000000000000004,8.700000000000017,8.700000000000017,418.7500000000018,52.900000000000006,T41,Winter Wheat,2024,Othello,24OTHW,"46.788972, -119.039111"
2024-03-31,0.0,68.60000000000001,22.3,253.10000000000002,2.3500000000000227,16.350000000000023,3.2,9.350000000000023,9.350000000000023,428.10000000000184,45.45,T41,Winter Wheat,2024,Othello,24OTHW,"46.788972, -119.039111"
2024-04-01,0.0,75.3,19.5,246.10000000000002,3.650000000000034,21.05000000000001,2.1,12.350000000000023,12.350000000000023,440.45000000000186,47.4,T41,Winter Wheat,2024,Othello,24OTHW,"46.788972, -119.039111"
2024-04-02,0.0,83.80000000000001,22.400000000000002,244.0,6.9500000000000455,24.950000000000045,2.9000000000000004,15.950000000000045,15.950000000000045,456.4000000000019,53.10000000000001,T41,Winter Wheat,2024,Othello,24OTHW,"46.788972, -119.039111"
2024-04-03,0.0,97.60000000000001,50.400000000000006,172.10000000000002,3.0500000000000114,12.25,3.5,7.650000000000006,7.650000000000006,464.0500000000019,74.0,T41,Winter Wheat,2024,Othello,24OTHW,"46.788972, -119.039111"
2024-04-04,2.6,89.9,62.6,93.2,3.25,8.25,2.0,5.75,5.75,469.8000000000019,76.25,T41,Winter Wheat,2024,Othello,24OTHW,"46.788972, -119.039111"
2024-04-05,0.9,82.9,49.7,148.20000000000002,2.8500000000000227,9.650000000000034,3.5,6.250000000000028,6.250000000000028,476.0500000000019,66.30000000000001,T41,Winter Wheat,2024,Othello,24OTHW,"46.788972, -119.039111"
2024-04-06,0.0,95.7,36.300000000000004,128.0,1.4500000000000455,14.650000000000034,3.7,8.05000000000004,8.05000000000004,484.10000000000196,66.0,T41,Winter Wheat,2024,Othello,24OTHW,"46.788972, -119.039111"
2024-04-07,0.0,100.0,33.800000000000004,192.70000000000002,0.35000000000002274,15.650000000000034,3.1,8.000000000000028,8.000000000000028,492.10000000000196,66.9,T41,Winter Wheat,2024,Othello,24OTHW,"46.788972, -119.039111"
2024-04-08,0.0,100.0,36.5,183.20000000000002,1.0500000000000114,14.850000000000023,3.8000000000000003,7.950000000000017,7.950000000000017,500.050000000002,68.25,T41,Winter Wheat,2024,Othello,24OTHW,"46.788972, -119.039111"
2024-04-09,0.0,100.0,33.6,223.8,2.25,18.25,4.7,10.25,10.25,510.300000000002,66.8,T41,Winter Wheat,2024,Othello,24OTHW,"46.788972, -119.039111"
2024-04-10,0.0,95.4,27.5,262.7,0.4500000000000455,17.150000000000034,1.1,8.80000000000004,8.80000000000004,519.1000000000021,61.45,T41,Winter Wheat,2024,Othello,24OTHW,"46.788972, -119.039111"
2024-04-11,0.0,89.10000000000001,27.900000000000002,220.70000000000002,3.4500000000000455,19.150000000000034,1.6,11.30000000000004,11.30000000000004,530.4000000000021,58.50000000000001,T41,Winter Wheat,2024,Othello,24OTHW,"46.788972, -119.039111"
2024-04-12,0.0,91.9,35.5,195.5,5.550000000000011,18.75,2.3000000000000003,12.150000000000006,12.150000000000006,542.5500000000021,63.7,T41,Winter Wheat,2024,Othello,24OTHW,"46.788972, -119.039111"
2024-04-13,0.0,100.0,28.700000000000003,269.0,5.650000000000034,23.650000000000034,1.4000000000000001,14.650000000000034,14.650000000000034,557.2000000000021,64.35,T41,Winter Wheat,2024,Othello,24OTHW,"46.788972, -119.039111"
2024-04-14,0.0,93.5,24.400000000000002,279.1,7.25,26.05000000000001,3.4000000000000004,16.650000000000006,16.650000000000006,573.8500000000021,58.95,T41,Winter Wheat,2024,Othello,24OTHW,"46.788972, -119.039111"
2024-04-15,0.0,78.30000000000001,27.700000000000003,278.6,5.550000000000011,19.350000000000023,4.4,12.450000000000017,12.450000000000017,586.3000000000021,53.00000000000001,T41,Winter Wheat,2024,Othello,24OTHW,"46.788972, -119.039111"
2024-04-16,0.0,91.5,29.400000000000002,256.90000000000003,-0.5499999999999545,14.450000000000045,4.2,6.9500000000000455,6.9500000000000455,593.2500000000022,60.45,T41,Winter Wheat,2024,Othello,24OTHW,"46.788972, -119.039111"
2024-04-17,0.0,73.4,20.1,295.90000000000003,-0.5499999999999545,15.550000000000011,1.8,7.500000000000028,7.500000000000028,600.7500000000022,46.75,T41,Winter Wheat,2024,Othello,24OTHW,"46.788972, -119.039111"
2024-04-18,0.0,67.8,19.0,296.90000000000003,0.75,16.350000000000023,2.0,8.550000000000011,8.550000000000011,609.3000000000022,43.4,T41,Winter Wheat,2024,Othello,24OTHW,"46.788972, -119.039111"
2024-04-19,0.0,71.60000000000001,19.900000000000002,299.3,2.0500000000000114,18.150000000000034,4.0,10.100000000000023,10.100000000000023,619.4000000000023,45.75000000000001,T41,Winter Wheat,2024,Othello,24OTHW,"46.788972, -119.039111"
2024-04-20,0.0,77.5,19.5,272.6,3.3500000000000227,21.25,2.8000000000000003,12.300000000000011,12.300000000000011,631.7000000000023,48.5,T41,Winter Wheat,2024,Othello,24OTHW,"46.788972, -119.039111"
2024-04-21,0.0,81.80000000000001,24.8,281.7,1.25,16.75,4.5,9.0,9.0,640.7000000000023,53.300000000000004,T41,Winter Wheat,2024,Othello,24OTHW,"46.788972, -119.039111"
2024-04-22,0.0,76.80000000000001,19.8,304.90000000000003,0.35000000000002274,17.55000000000001,1.9000000000000001,8.950000000000017,8.950000000000017,649.6500000000024,48.300000000000004,T41,Winter Wheat,2024,Othello,24OTHW,"46.788972, -119.039111"
2024-04-23,0.0,79.4,18.5,285.2,2.25,21.05000000000001,1.8,11.650000000000006,11.650000000000006,661.3000000000023,48.95,T41,Winter Wheat,2024,Othello,24OTHW,"46.788972, -119.039111"
2024-04-24,0.0,76.80000000000001,21.900000000000002,235.8,4.150000000000034,20.55000000000001,3.1,12.350000000000023,12.350000000000023,673.6500000000024,49.35000000000001,T41,Winter Wheat,2024,Othello,24OTHW,"46.788972, -119.039111"
2024-04-25,0.0,100.0,42.0,126.60000000000001,5.4500000000000455,17.950000000000045,3.2,11.700000000000045,11.700000000000045,685.3500000000024,71.0,T41,Winter Wheat,2024,Othello,24OTHW,"46.788972, -119.039111"
2024-04-26,0.0,100.0,36.800000000000004,224.70000000000002,5.550000000000011,20.05000000000001,2.8000000000000003,12.800000000000011,12.800000000000011,698.1500000000024,68.4,T41,Winter Wheat,2024,Othello,24OTHW,"46.788972, -119.039111"
2024-04-27,0.0,91.80000000000001,36.0,211.20000000000002,4.650000000000034,17.55000000000001,4.800000000000001,11.100000000000023,11.100000000000023,709.2500000000024,63.900000000000006,T41,Winter Wheat,2024,Othello,24OTHW,"46.788972, -119.039111"
2024-04-28,0.0,94.2,33.800000000000004,192.60000000000002,3.5500000000000114,17.650000000000034,4.9,10.600000000000023,10.600000000000023,719.8500000000024,64.0,T41,Winter Wheat,2024,Othello,24OTHW,"46.788972, -119.039111"
2024-04-29,0.0,93.60000000000001,32.4,262.1,0.9500000000000455,15.25,4.2,8.100000000000023,8.100000000000023,727.9500000000024,63.0,T41,Winter Wheat,2024,Othello,24OTHW,"46.788972, -119.039111"
2024-04-30,0.0,87.9,31.400000000000002,121.60000000000001,0.5500000000000114,14.75,1.7000000000000002,7.650000000000006,7.650000000000006,735.6000000000024,59.650000000000006,T41,Winter Wheat,2024,Othello,24OTHW,"46.788972, -119.039111"
2024-05-01,0.0,83.9,23.400000000000002,338.40000000000003,0.05000000000001137,17.25,2.8000000000000003,8.650000000000006,8.650000000000006,744.2500000000024,53.650000000000006,T41,Winter Wheat,2024,Othello,24OTHW,"46.788972, -119.039111"
2024-05-02,0.0,76.4,18.400000000000002,336.0,1.0500000000000114,19.950000000000045,2.0,10.500000000000028,10.500000000000028,754.7500000000024,47.400000000000006,T41,Winter Wheat,2024,Othello,24OTHW,"46.788972, -119.039111"
2024-05-03,0.0,90.5,23.400000000000002,333.1,2.8500000000000227,21.75,2.4000000000000004,12.300000000000011,12.300000000000011,767.0500000000025,56.95,T41,Winter Wheat,2024,Othello,24OTHW,"46.788972, -119.039111"
2024-05-04,0.9,71.7,39.2,159.60000000000002,10.150000000000034,18.650000000000034,3.7,14.400000000000034,14.400000000000034,781.4500000000025,55.45,T41,Winter Wheat,2024,Othello,24OTHW,"46.788972, -119.039111"
2024-05-05,6.7,100.0,78.60000000000001,160.20000000000002,5.850000000000023,12.450000000000045,4.4,9.150000000000034,9.150000000000034,790.6000000000026,89.30000000000001,T41,Winter Wheat,2024,Othello,24OTHW,"46.788972, -119.039111"
2024-05-06,0.0,97.4,36.7,267.2,3.9500000000000455,18.05000000000001,6.2,11.000000000000028,11.000000000000028,801.6000000000026,67.05000000000001,T41,Winter Wheat,2024,Othello,24OTHW,"46.788972, -119.039111"
2024-05-07,0.0,79.4,27.0,331.3,3.5500000000000114,18.350000000000023,4.800000000000001,10.950000000000017,10.950000000000017,812.5500000000027,53.2,T41,Winter Wheat,2024,Othello,24OTHW,"46.788972, -119.039111"
2024-05-08,0.0,76.3,20.400000000000002,331.5,3.75,21.650000000000034,1.8,12.700000000000017,12.700000000000017,825.2500000000027,48.35,T41,Winter Wheat,2024,Othello,24OTHW,"46.788972, -119.039111"
2024-05-09,0.0,87.30000000000001,19.5,345.0,5.4500000000000455,26.55000000000001,2.7,16.00000000000003,16.00000000000003,841.2500000000027,53.400000000000006,T41,Winter Wheat,2024,Othello,24OTHW,"46.788972, -119.039111"
2024-05-10,0.0,81.10000000000001,20.5,344.5,10.050000000000011,29.850000000000023,1.3,19.950000000000017,19.950000000000017,861.2000000000028,50.800000000000004,T41,Winter Wheat,2024,Othello,24OTHW,"46.788972, -119.039111"
2024-05-11,0.0,77.30000000000001,19.900000000000002,346.6,11.350000000000023,30.850000000000023,2.0,21.100000000000023,21.100000000000023,882.3000000000028,48.60000000000001,T41,Winter Wheat,2024,Othello,24OTHW,"46.788972, -119.039111"
2024-05-12,0.0,72.8,18.5,350.40000000000003,11.450000000000045,30.850000000000023,2.7,21.150000000000034,21.150000000000034,903.4500000000028,45.65,T41,Winter Wheat,2024,Othello,24OTHW,"46.788972, -119.039111"
2024-05-13,0.0,79.0,24.400000000000002,332.0,9.75,26.55000000000001,4.0,18.150000000000006,18.150000000000006,921.6000000000028,51.7,T41,Winter Wheat,2024,Othello,24OTHW,"46.788972, -119.039111"
2024-05-14,0.0,77.10000000000001,21.900000000000002,350.20000000000005,8.950000000000045,26.75,2.3000000000000003,17.850000000000023,17.850000000000023,939.4500000000028,49.50000000000001,T41,Winter Wheat,2024,Othello,24OTHW,"46.788972, -119.039111"
2024-05-15,0.0,75.2,21.700000000000003,344.3,10.550000000000011,28.25,2.6,19.400000000000006,19.400000000000006,958.8500000000028,48.45,T41,Winter Wheat,2024,Othello,24OTHW,"46.788972, -119.039111"
2024-05-16,0.0,84.60000000000001,23.900000000000002,340.70000000000005,9.450000000000045,27.75,5.2,18.600000000000023,18.600000000000023,977.4500000000028,54.25000000000001,T41,Winter Wheat,2024,Othello,24OTHW,"46.788972, -119.039111"
2024-05-17,0.0,78.4,24.400000000000002,363.70000000000005,3.9500000000000455,19.950000000000045,5.4,11.950000000000045,11.950000000000045,989.4000000000028,51.400000000000006,T41,Winter Wheat,2024,Othello,24OTHW,"46.788972, -119.039111"
2024-05-18,0.0,77.30000000000001,23.1,312.5,3.8500000000000227,20.350000000000023,3.5,12.100000000000023,12.100000000000023,1001.5000000000028,50.2,T41,Winter Wheat,2024,Othello,24OTHW,"46.788972, -119.039111"
2024-05-19,0.0,73.3,24.1,313.8,5.25,20.450000000000045,3.6,12.850000000000023,12.850000000000023,1014.3500000000029,48.7,T41,Winter Wheat,2024,Othello,24OTHW,"46.788972, -119.039111"
2024-05-20,0.0,77.9,21.6,364.0,5.150000000000034,22.850000000000023,2.9000000000000004,14.000000000000028,14.000000000000028,1028.3500000000029,49.75,T41,Winter Wheat,2024,Othello,24OTHW,"46.788972, -119.039111"
2024-05-21,2.5,84.7,39.0,189.3,5.9500000000000455,17.05000000000001,3.7,11.500000000000028,11.500000000000028,1039.8500000000029,61.85,T41,Winter Wheat,2024,Othello,24OTHW,"46.788972, -119.039111"
2024-05-22,1.2000000000000002,95.5,49.5,198.5,5.350000000000023,15.050000000000011,4.4,10.200000000000017,10.200000000000017,1050.050000000003,72.5,T41,Winter Wheat,2024,Othello,24OTHW,"46.788972, -119.039111"
2024-05-23,0.0,96.4,32.0,361.70000000000005,5.550000000000011,21.55000000000001,2.7,13.550000000000011,13.550000000000011,1063.6000000000029,64.2,T41,Winter Wheat,2024,Othello,24OTHW,"46.788972, -119.039111"
2024-05-24,0.0,87.80000000000001,27.1,291.8,6.25,23.05000000000001,3.3000000000000003,14.650000000000006,14.650000000000006,1078.250000000003,57.45,T41,Winter Wheat,2024,Othello,24OTHW,"46.788972, -119.039111"
2024-05-25,0.0,87.10000000000001,30.5,292.2,5.25,20.150000000000034,4.9,12.700000000000017,12.700000000000017,1090.950000000003,58.800000000000004,T41,Winter Wheat,2024,Othello,24OTHW,"46.788972, -119.039111"
2024-05-26,0.0,89.0,27.3,285.1,5.150000000000034,21.950000000000045,2.9000000000000004,13.55000000000004,13.55000000000004,1104.500000000003,58.15,T41,Winter Wheat,2024,Othello,24OTHW,"46.788972, -119.039111"
2024-05-27,0.0,90.30000000000001,26.200000000000003,341.3,7.9500000000000455,25.950000000000045,1.1,16.950000000000045,16.950000000000045,1121.450000000003,58.25000000000001,T41,Winter Wheat,2024,Othello,24OTHW,"46.788972, -119.039111"
2024-05-28,0.0,100.0,31.1,267.0,6.550000000000011,24.25,3.9000000000000004,15.400000000000006,15.400000000000006,1136.850000000003,65.55,T41,Winter Wheat,2024,Othello,24OTHW,"46.788972, -119.039111"
2024-05-29,0.0,90.30000000000001,27.1,273.3,3.0500000000000114,19.950000000000045,5.0,11.500000000000028,11.500000000000028,1148.350000000003,58.7,T41,Winter Wheat,2024,Othello,24OTHW,"46.788972, -119.039111"
2024-05-30,0.0,86.4,24.5,373.1,2.9500000000000455,20.450000000000045,2.1,11.700000000000045,11.700000000000045,1160.0500000000031,55.45,T41,Winter Wheat,2024,Othello,24OTHW,"46.788972, -119.039111"
2024-05-31,0.0,78.80000000000001,21.1,370.8,5.850000000000023,24.05000000000001,1.0,14.950000000000017,14.950000000000017,1175.0000000000032,49.95,T41,Winter Wheat,2024,Othello,24OTHW,"46.788972, -119.039111"
2024-06-01,0.0,72.10000000000001,24.3,245.8,10.350000000000023,25.650000000000034,2.6,18.00000000000003,18.00000000000003,1193.0000000000032,48.2,T41,Winter Wheat,2024,Othello,24OTHW,"46.788972, -119.039111"
2024-06-02,2.0,82.2,42.6,138.6,11.550000000000011,21.25,4.1000000000000005,16.400000000000006,16.400000000000006,1209.4000000000033,62.400000000000006,T41,Winter Wheat,2024,Othello,24OTHW,"46.788972, -119.039111"
2024-06-03,0.0,85.80000000000001,40.900000000000006,263.3,9.950000000000045,20.850000000000023,6.5,15.400000000000034,15.400000000000034,1224.8000000000034,63.35000000000001,T41,Winter Wheat,2024,Othello,24OTHW,"46.788972, -119.039111"
2024-06-04,0.0,100.0,34.1,183.3,6.9500000000000455,23.450000000000045,5.4,15.200000000000045,15.200000000000045,1240.0000000000034,67.05,T41,Winter Wheat,2024,Othello,24OTHW,"46.788972, -119.039111"
2024-06-05,0.0,95.7,28.1,370.5,6.75,24.55000000000001,2.3000000000000003,15.650000000000006,15.650000000000006,1255.6500000000035,61.900000000000006,T41,Winter Wheat,2024,Othello,24OTHW,"46.788972, -119.039111"
2024-06-06,0.0,84.0,18.0,369.40000000000003,8.350000000000023,30.25,0.9,19.30000000000001,19.30000000000001,1274.9500000000035,51.0,T41,Winter Wheat,2024,Othello,24OTHW,"46.788972, -119.039111"
2024-06-07,0.0,78.30000000000001,20.5,367.5,11.050000000000011,30.25,2.3000000000000003,20.650000000000006,20.650000000000006,1295.6000000000035,49.400000000000006,T41,Winter Wheat,2024,Othello,24OTHW,"46.788972, -119.039111"
2024-06-08,0.0,79.2,18.6,359.3,10.950000000000045,31.75,2.3000000000000003,21.350000000000023,21.350000000000023,1316.9500000000035,48.900000000000006,T41,Winter Wheat,2024,Othello,24OTHW,"46.788972, -119.039111"
2024-06-09,0.0,78.80000000000001,27.3,294.90000000000003,12.75,28.25,1.8,20.5,20.5,1337.4500000000035,53.050000000000004,T41,Winter Wheat,2024,Othello,24OTHW,"46.788972, -119.039111"
2024-06-10,0.0,78.2,23.3,364.6,12.550000000000011,30.150000000000034,2.9000000000000004,21.350000000000023,21.350000000000023,1358.8000000000034,50.75,T41,Winter Wheat,2024,Othello,24OTHW,"46.788972, -119.039111"
2024-06-11,0.0,87.60000000000001,17.0,355.6,6.9500000000000455,30.150000000000034,4.3,18.55000000000004,18.55000000000004,1377.3500000000033,52.300000000000004,T41,Winter Wheat,2024,Othello,24OTHW,"46.788972, -119.039111"
2024-06-12,0.0,75.0,17.8,379.1,6.550000000000011,26.25,2.4000000000000004,16.400000000000006,16.400000000000006,1393.7500000000034,46.4,T41,Winter Wheat,2024,Othello,24OTHW,"46.788972, -119.039111"
2024-06-13,0.0,69.0,13.9,353.0,8.350000000000023,30.05000000000001,1.3,19.200000000000017,19.200000000000017,1412.9500000000035,41.45,T41,Winter Wheat,2024,Othello,24OTHW,"46.788972, -119.039111"
2024-06-14,0.0,64.8,24.200000000000003,349.40000000000003,10.050000000000011,23.450000000000045,4.3,16.75000000000003,16.75000000000003,1429.7000000000035,44.5,T41,Winter Wheat,2024,Othello,24OTHW,"46.788972, -119.039111"
2024-06-15,0.0,85.4,26.8,191.10000000000002,4.25,20.450000000000045,5.800000000000001,12.350000000000023,12.350000000000023,1442.0500000000034,56.1,T41,Winter Wheat,2024,Othello,24OTHW,"46.788972, -119.039111"
2024-06-16,0.0,84.80000000000001,27.8,341.0,4.25,19.850000000000023,2.9000000000000004,12.050000000000011,12.050000000000011,1454.1000000000033,56.300000000000004,T41,Winter Wheat,2024,Othello,24OTHW,"46.788972, -119.039111"
2024-06-17,0.9,86.4,25.200000000000003,257.3,4.850000000000023,22.150000000000034,4.4,13.500000000000028,13.500000000000028,1467.6000000000033,55.800000000000004,T41,Winter Wheat,2024,Othello,24OTHW,"46.788972, -119.039111"
2024-06-18,0.0,89.0,27.400000000000002,359.40000000000003,6.75,23.650000000000034,2.4000000000000004,15.200000000000017,15.200000000000017,1482.8000000000034,58.2,T41,Winter Wheat,2024,Othello,24OTHW,"46.788972, -119.039111"
2024-06-19,0.0,73.0,17.900000000000002,375.0,9.25,28.75,2.5,19.0,19.0,1501.8000000000034,45.45,T41,Winter Wheat,2024,Othello,24OTHW,"46.788972, -119.039111"
2024-06-20,0.0,61.0,14.3,374.3,12.150000000000034,31.75,3.5,21.950000000000017,21.950000000000017,1523.7500000000034,37.65,T41,Winter Wheat,2024,Othello,24OTHW,"46.788972, -119.039111"
2024-06-21,0.0,61.800000000000004,13.3,373.0,12.450000000000045,33.25,1.8,22.850000000000023,22.850000000000023,1546.6000000000035,37.550000000000004,T41,Winter Wheat,2024,Othello,24OTHW,"46.788972, -119.039111"
2024-06-22,0.0,62.1,14.100000000000001,264.0,13.850000000000023,34.150000000000034,1.4000000000000001,24.00000000000003,24.00000000000003,1570.6000000000035,38.1,T41,Winter Wheat,2024,Othello,24OTHW,"46.788972, -119.039111"
2024-06-23,0.0,81.5,20.8,371.8,9.050000000000011,28.55000000000001,4.7,18.80000000000001,18.80000000000001,1589.4000000000035,51.15,T41,Winter Wheat,2024,Othello,24OTHW,"46.788972, -119.039111"
2024-06-24,0.0,80.2,21.400000000000002,373.40000000000003,8.450000000000045,27.150000000000034,1.9000000000000001,17.80000000000004,17.80000000000004,1607.2000000000035,50.800000000000004,T41,Winter Wheat,2024,Othello,24OTHW,"46.788972, -119.039111"
2024-06-25,0.0,70.10000000000001,14.4,372.20000000000005,11.550000000000011,33.55000000000001,2.4000000000000004,22.55000000000001,22.55000000000001,1629.7500000000034,42.25000000000001,T41,Winter Wheat,2024,Othello,24OTHW,"46.788972, -119.039111"
2024-06-26,0.0,81.10000000000001,21.900000000000002,281.5,12.050000000000011,31.150000000000034,4.4,21.600000000000023,21.600000000000023,1651.3500000000035,51.50000000000001,T41,Winter Wheat,2024,Othello,24OTHW,"46.788972, -119.039111"
2024-06-27,0.0,76.4,27.200000000000003,308.90000000000003,9.75,24.450000000000045,5.7,17.100000000000023,17.100000000000023,1668.4500000000035,51.800000000000004,T41,Winter Wheat,2024,Othello,24OTHW,"46.788972, -119.039111"
2024-06-28,0.0,82.30000000000001,25.700000000000003,368.70000000000005,9.950000000000045,26.75,1.9000000000000001,18.350000000000023,18.350000000000023,1686.8000000000034,54.00000000000001,T41,Winter Wheat,2024,Othello,24OTHW,"46.788972, -119.039111"
2024-06-29,0.0,79.0,25.6,219.0,12.950000000000045,29.450000000000045,1.7000000000000002,21.200000000000045,21.200000000000045,1708.0000000000034,52.3,T41,Winter Wheat,2024,Othello,24OTHW,"46.788972, -119.039111"
2024-06-30,0.0,91.7,30.400000000000002,354.5,12.75,30.350000000000023,3.7,21.55000000000001,21.55000000000001,1729.5500000000034,61.050000000000004,T41,Winter Wheat,2024,Othello,24OTHW,"46.788972, -119.039111"
2024-07-01,0.0,81.80000000000001,26.200000000000003,314.6,12.450000000000045,30.25,3.7,21.350000000000023,21.350000000000023,1750.9000000000033,54.00000000000001,T41,Winter Wheat,2024,Othello,24OTHW,"46.788972, -119.039111"
2024-07-02,0.0,75.2,23.700000000000003,345.3,12.550000000000011,30.350000000000023,3.8000000000000003,21.450000000000017,21.450000000000017,1772.3500000000033,49.45,T41,Winter Wheat,2024,Othello,24OTHW,"46.788972, -119.039111"
2024-07-03,0.0,74.0,22.8,346.3,11.75,29.75,2.7,20.75,20.75,1793.1000000000033,48.4,T41,Winter Wheat,2024,Othello,24OTHW,"46.788972, -119.039111"
2024-07-04,0.0,69.4,17.7,346.20000000000005,12.050000000000011,32.75,1.4000000000000001,22.400000000000006,22.400000000000006,1815.5000000000034,43.550000000000004,T41,Winter Wheat,2024,Othello,24OTHW,"46.788972, -119.039111"
2024-07-05,0.0,60.800000000000004,14.3,344.8,14.150000000000034,35.75,1.5,24.950000000000017,24.950000000000017,1840.4500000000035,37.550000000000004,T41,Winter Wheat,2024,Othello,24OTHW,"46.788972, -119.039111"
2024-07-06,0.0,55.5,12.9,347.1,14.950000000000045,36.450000000000045,2.4000000000000004,25.700000000000045,25.700000000000045,1866.1500000000035,34.2,T41,Winter Wheat,2024,Othello,24OTHW,"46.788972, -119.039111"
2024-07-07,0.0,55.0,12.3,344.20000000000005,15.25,37.25,1.5,26.25,26.25,1892.4000000000035,33.65,T41,Winter Wheat,2024,Othello,24OTHW,"46.788972, -119.039111"
2024-07-08,0.0,51.2,11.700000000000001,342.70000000000005,16.75,38.35000000000002,1.5,27.55000000000001,27.55000000000001,1919.9500000000035,31.450000000000003,T41,Winter Wheat,2024,Othello,24OTHW,"46.788972, -119.039111"
2024-07-09,0.0,56.900000000000006,12.5,340.3,17.650000000000034,40.55000000000001,1.6,29.100000000000023,29.100000000000023,1949.0500000000034,34.7,T41,Winter Wheat,2024,Othello,24OTHW,"46.788972, -119.039111"
2024-07-10,0.0,58.5,11.8,339.5,15.550000000000011,39.450000000000045,3.0,27.50000000000003,27.50000000000003,1976.5500000000034,35.15,T41,Winter Wheat,2024,Othello,24OTHW,"46.788972, -119.039111"
2024-07-11,0.0,62.1,16.900000000000002,343.70000000000005,15.150000000000034,34.85000000000002,3.2,25.00000000000003,25.00000000000003,2001.5500000000034,39.5,T41,Winter Wheat,2024,Othello,24OTHW,"46.788972, -119.039111"
2024-07-12,0.0,63.5,16.400000000000002,338.90000000000003,15.450000000000045,36.05000000000001,1.7000000000000002,25.75000000000003,25.75000000000003,2027.3000000000034,39.95,T41,Winter Wheat,2024,Othello,24OTHW,"46.788972, -119.039111"
2024-07-13,0.0,60.2,15.0,337.6,16.650000000000034,37.75,1.6,27.200000000000017,27.200000000000017,2054.500000000003,37.6,T41,Winter Wheat,2024,Othello,24OTHW,"46.788972, -119.039111"
2024-07-14,0.0,58.6,14.3,338.0,15.650000000000034,36.75,3.7,26.200000000000017,26.200000000000017,2080.700000000003,36.45,T41,Winter Wheat,2024,Othello,24OTHW,"46.788972, -119.039111"
2024-07-15,0.0,59.800000000000004,15.8,339.6,15.050000000000011,35.05000000000001,3.0,25.05000000000001,25.05000000000001,2105.750000000003,37.800000000000004,T41,Winter Wheat,2024,Othello,24OTHW,"46.788972, -119.039111"
2024-07-16,0.0,49.6,10.600000000000001,338.20000000000005,16.05000000000001,38.25,1.4000000000000001,27.150000000000006,27.150000000000006,2132.9000000000033,30.1,T41,Winter Wheat,2024,Othello,24OTHW,"46.788972, -119.039111"
2024-07-17,0.0,45.0,10.0,270.40000000000003,16.650000000000034,37.85000000000002,1.4000000000000001,27.25000000000003,27.25000000000003,2160.1500000000033,27.5,T41,Winter Wheat,2024,Othello,24OTHW,"46.788972, -119.039111"
2024-07-18,0.0,53.0,12.9,332.90000000000003,16.850000000000023,37.650000000000034,1.5,27.25000000000003,27.25000000000003,2187.4000000000033,32.95,T41,Winter Wheat,2024,Othello,24OTHW,"46.788972, -119.039111"
2024-07-19,0.0,51.1,12.9,332.90000000000003,16.350000000000023,36.450000000000045,3.1,26.400000000000034,26.400000000000034,2213.8000000000034,32.0,T41,Winter Wheat,2024,Othello,24OTHW,"46.788972, -119.039111"
2024-07-20,0.0,54.7,12.4,334.40000000000003,16.350000000000023,38.35000000000002,1.3,27.350000000000023,27.350000000000023,2241.1500000000033,33.550000000000004,T41,Winter Wheat,2024,Othello,24OTHW,"46.788972, -119.039111"
2024-07-21,0.0,55.400000000000006,13.600000000000001,326.1,19.25,40.55000000000001,2.6,29.900000000000006,29.900000000000006,2271.0500000000034,34.5,T41,Winter Wheat,2024,Othello,24OTHW,"46.788972, -119.039111"
2024-07-22,0.0,100.0,27.0,321.70000000000005,11.950000000000045,33.450000000000045,3.8000000000000003,22.700000000000045,22.700000000000045,2293.7500000000036,63.5,T41,Winter Wheat,2024,Othello,24OTHW,"46.788972, -119.039111"
2024-07-23,0.0,77.2,20.5,334.6,11.150000000000034,31.450000000000045,2.7,21.30000000000004,21.30000000000004,2315.050000000004,48.85,T41,Winter Wheat,2024,Othello,24OTHW,"46.788972, -119.039111"
2024-07-24,0.0,55.800000000000004,12.600000000000001,316.3,12.150000000000034,33.650000000000034,3.3000000000000003,22.900000000000034,22.900000000000034,2337.950000000004,34.2,T41,Winter Wheat,2024,Othello,24OTHW,"46.788972, -119.039111"
2024-07-25,0.0,74.60000000000001,23.8,328.0,10.450000000000045,27.75,4.800000000000001,19.100000000000023,19.100000000000023,2357.050000000004,49.2,T41,Winter Wheat,2024,Othello,24OTHW,"46.788972, -119.039111"
2024-07-26,0.0,69.0,18.8,326.20000000000005,9.650000000000034,28.950000000000045,1.7000000000000002,19.30000000000004,19.30000000000004,2376.350000000004,43.9,T41,Winter Wheat,2024,Othello,24OTHW,"46.788972, -119.039111"
2024-07-27,0.0,58.400000000000006,16.900000000000002,323.8,11.350000000000023,29.350000000000023,2.2,20.350000000000023,20.350000000000023,2396.700000000004,37.650000000000006,T41,Winter Wheat,2024,Othello,24OTHW,"46.788972, -119.039111"
2024-07-28,0.0,70.9,23.900000000000002,297.90000000000003,13.550000000000011,30.25,3.5,21.900000000000006,21.900000000000006,2418.600000000004,47.400000000000006,T41,Winter Wheat,2024,Othello,24OTHW,"46.788972, -119.039111"
2024-07-29,0.0,91.80000000000001,37.800000000000004,123.7,13.450000000000045,27.75,4.7,20.600000000000023,20.600000000000023,2439.200000000004,64.80000000000001,T41,Winter Wheat,2024,Othello,24OTHW,"46.788972, -119.039111"
2024-07-30,0.0,100.0,38.5,169.9,14.75,30.950000000000045,3.0,22.850000000000023,22.850000000000023,2462.050000000004,69.25,T41,Winter Wheat,2024,Othello,24OTHW,"46.788972, -119.039111"
2024-07-31,0.0,89.2,26.3,312.40000000000003,14.150000000000034,33.25,1.8,23.700000000000017,23.700000000000017,2485.7500000000036,57.75,T41,Winter Wheat,2024,Othello,24OTHW,"46.788972, -119.039111"
2024-08-01,0.0,71.60000000000001,16.400000000000002,310.20000000000005,15.75,37.950000000000045,1.5,26.850000000000023,26.850000000000023,2512.6000000000035,44.00000000000001,T41,Winter Wheat,2024,Othello,24OTHW,"46.788972, -119.039111"
2024-08-02,0.0,58.5,13.3,300.6,19.05000000000001,40.85000000000002,2.4000000000000004,29.950000000000017,29.950000000000017,2542.5500000000034,35.9,T41,Winter Wheat,2024,Othello,24OTHW,"46.788972, -119.039111"
2024-08-03,0.0,51.5,24.0,229.0,21.450000000000045,32.450000000000045,2.9000000000000004,26.950000000000045,26.950000000000045,2569.5000000000036,37.75,T41,Winter Wheat,2024,Othello,24OTHW,"46.788972, -119.039111"
2024-08-04,0.0,64.60000000000001,20.5,301.8,18.950000000000045,36.35000000000002,2.0,27.650000000000034,27.650000000000034,2597.1500000000037,42.550000000000004,T41,Winter Wheat,2024,Othello,24OTHW,"46.788972, -119.039111"
2024-08-05,0.0,68.5,17.5,300.40000000000003,16.450000000000045,36.950000000000045,1.9000000000000001,26.700000000000045,26.700000000000045,2623.850000000004,43.0,T41,Winter Wheat,2024,Othello,24OTHW,"46.788972, -119.039111"
2024-08-06,0.0,69.2,19.700000000000003,301.6,14.550000000000011,33.25,2.7,23.900000000000006,23.900000000000006,2647.750000000004,44.45,T41,Winter Wheat,2024,Othello,24OTHW,"46.788972, -119.039111"
2024-08-07,0.0,61.5,15.4,303.0,14.450000000000045,34.450000000000045,1.4000000000000001,24.450000000000045,24.450000000000045,2672.2000000000044,38.45,T41,Winter Wheat,2024,Othello,24OTHW,"46.788972, -119.039111"
2024-08-08,0.0,53.300000000000004,14.600000000000001,299.8,17.55000000000001,35.950000000000045,3.4000000000000004,26.75000000000003,26.75000000000003,2698.9500000000044,33.95,T41,Winter Wheat,2024,Othello,24OTHW,"46.788972, -119.039111"
2024-08-09,0.0,53.900000000000006,15.8,290.8,17.650000000000034,35.25,3.4000000000000004,26.450000000000017,26.450000000000017,2725.400000000004,34.85,T41,Winter Wheat,2024,Othello,24OTHW,"46.788972, -119.039111"
2024-08-10,0.0,61.400000000000006,17.400000000000002,295.1,15.450000000000045,33.85000000000002,2.7,24.650000000000034,24.650000000000034,2750.0500000000043,39.400000000000006,T41,Winter Wheat,2024,Othello,24OTHW,"46.788972, -119.039111"
2024-08-11,0.0,66.3,19.3,292.5,14.650000000000034,32.85000000000002,2.3000000000000003,23.75000000000003,23.75000000000003,2773.8000000000043,42.8,T41,Winter Wheat,2024,Othello,24OTHW,"46.788972, -119.039111"
2024-08-12,0.0,78.30000000000001,23.400000000000002,291.40000000000003,12.550000000000011,30.75,4.0,21.650000000000006,21.650000000000006,2795.4500000000044,50.85000000000001,T41,Winter Wheat,2024,Othello,24OTHW,"46.788972, -119.039111"
2024-08-13,0.0,83.7,28.8,290.1,11.25,27.450000000000045,2.7,19.350000000000023,19.350000000000023,2814.8000000000043,56.25,T41,Winter Wheat,2024,Othello,24OTHW,"46.788972, -119.039111"
2024-08-14,0.0,84.9,24.1,288.3,10.850000000000023,29.850000000000023,2.0,20.350000000000023,20.350000000000023,2835.150000000004,54.5,T41,Winter Wheat,2024,Othello,24OTHW,"46.788972, -119.039111"
2024-08-15,0.0,83.30000000000001,30.5,276.6,12.650000000000034,28.05000000000001,3.0,20.350000000000023,20.350000000000023,2855.500000000004,56.900000000000006,T41,Winter Wheat,2024,Othello,24OTHW,"46.788972, -119.039111"
2024-08-16,0.0,85.2,31.8,284.2,12.850000000000023,28.05000000000001,2.9000000000000004,20.450000000000017,20.450000000000017,2875.950000000004,58.5,T41,Winter Wheat,2024,Othello,24OTHW,"46.788972, -119.039111"
2024-08-17,0.0,77.10000000000001,17.5,282.2,13.25,35.55000000000001,3.4000000000000004,24.400000000000006,24.400000000000006,2900.350000000004,47.300000000000004,T41,Winter Wheat,2024,Othello,24OTHW,"46.788972, -119.039111"
2024-08-18,0.0,73.9,23.200000000000003,283.3,13.450000000000045,30.850000000000023,3.7,22.150000000000034,22.150000000000034,2922.500000000004,48.550000000000004,T41,Winter Wheat,2024,Othello,24OTHW,"46.788972, -119.039111"
2024-08-19,0.0,67.9,18.5,249.0,11.75,30.650000000000034,2.8000000000000003,21.200000000000017,21.200000000000017,2943.700000000004,43.2,T41,Winter Wheat,2024,Othello,24OTHW,"46.788972, -119.039111"
2024-08-20,0.0,71.7,24.400000000000002,273.2,12.150000000000034,28.150000000000034,3.0,20.150000000000034,20.150000000000034,2963.850000000004,48.050000000000004,T41,Winter Wheat,2024,Othello,24OTHW,"46.788972, -119.039111"
2024-08-21,0.0,84.30000000000001,29.6,270.7,10.950000000000045,26.850000000000023,3.2,18.900000000000034,18.900000000000034,2982.750000000004,56.95,T41,Winter Wheat,2024,Othello,24OTHW,"46.788972, -119.039111"
2024-08-22,0.0,72.60000000000001,23.3,252.20000000000002,13.350000000000023,30.350000000000023,1.9000000000000001,21.850000000000023,21.850000000000023,3004.600000000004,47.95,T41,Winter Wheat,2024,Othello,24OTHW,"46.788972, -119.039111"
2024-08-23,1.0,100.0,48.800000000000004,208.60000000000002,8.050000000000011,21.850000000000023,5.300000000000001,14.950000000000017,14.950000000000017,3019.550000000004,74.4,T41,Winter Wheat,2024,Othello,24OTHW,"46.788972, -119.039111"
2024-08-24,0.0,100.0,39.0,245.8,7.550000000000011,23.450000000000045,3.4000000000000004,15.500000000000028,15.500000000000028,3035.050000000004,69.5,T41,Winter Wheat,2024,Othello,24OTHW,"46.788972, -119.039111"
2024-08-25,0.0,95.9,29.900000000000002,266.7,8.450000000000045,26.150000000000034,1.8,17.30000000000004,17.30000000000004,3052.350000000004,62.900000000000006,T41,Winter Wheat,2024,Othello,24OTHW,"46.788972, -119.039111"
2024-08-26,0.0,83.9,22.900000000000002,265.7,9.850000000000023,29.25,2.0,19.55000000000001,19.55000000000001,3071.900000000004,53.400000000000006,T41,Winter Wheat,2024,Othello,24OTHW,"46.788972, -119.039111"
2024-08-27,0.0,91.0,28.8,247.3,5.850000000000023,22.850000000000023,5.5,14.350000000000023,14.350000000000023,3086.250000000004,59.9,T41,Winter Wheat,2024,Othello,24OTHW,"46.788972, -119.039111"
2024-08-28,0.0,76.4,18.3,268.3,4.650000000000034,24.75,1.8,14.700000000000017,14.700000000000017,3100.950000000004,47.35,T41,Winter Wheat,2024,Othello,24OTHW,"46.788972, -119.039111"
2024-08-29,0.0,69.2,14.4,266.5,7.25,29.25,0.7000000000000001,18.25,18.25,3119.200000000004,41.800000000000004,T41,Winter Wheat,2024,Othello,24OTHW,"46.788972, -119.039111"
2024-08-30,0.0,60.900000000000006,11.600000000000001,264.3,9.550000000000011,32.35000000000002,0.7000000000000001,20.950000000000017,20.950000000000017,3140.1500000000037,36.25,T41,Winter Wheat,2024,Othello,24OTHW,"46.788972, -119.039111"
2024-08-31,0.0,49.300000000000004,7.0,262.5,11.350000000000023,35.450000000000045,1.7000000000000002,23.400000000000034,23.400000000000034,3163.550000000004,28.150000000000002,T41,Winter Wheat,2024,Othello,24OTHW,"46.788972, -119.039111"
2024-09-01,0.0,47.7,7.0,249.3,12.75,36.55000000000001,2.3000000000000003,24.650000000000006,24.650000000000006,3188.200000000004,27.35,T41,Winter Wheat,2024,Othello,24OTHW,"46.788972, -119.039111"
2024-09-02,0.0,42.400000000000006,10.200000000000001,216.9,16.05000000000001,33.650000000000034,2.3000000000000003,24.850000000000023,24.850000000000023,3213.050000000004,26.300000000000004,T41,Winter Wheat,2024,Othello,24OTHW,"46.788972, -119.039111"
2024-09-03,0.0,72.0,24.6,240.0,13.150000000000034,28.75,2.6,20.950000000000017,20.950000000000017,3234.0000000000036,48.3,T41,Winter Wheat,2024,Othello,24OTHW,"46.788972, -119.039111"
2024-09-04,0.0,76.10000000000001,17.8,239.9,12.150000000000034,33.150000000000034,1.9000000000000001,22.650000000000034,22.650000000000034,3256.6500000000037,46.95,T41,Winter Wheat,2024,Othello,24OTHW,"46.788972, -119.039111"
2024-09-05,0.0,60.300000000000004,13.8,239.70000000000002,14.75,35.25,2.5,25.0,25.0,3281.6500000000037,37.050000000000004,T41,Winter Wheat,2024,Othello,24OTHW,"46.788972, -119.039111"
2024-09-06,0.0,51.1,10.4,238.0,14.650000000000034,35.450000000000045,2.2,25.05000000000004,25.05000000000004,3306.700000000004,30.75,T41,Winter Wheat,2024,Othello,24OTHW,"46.788972, -119.039111"
2024-09-07,0.0,45.1,9.4,236.8,14.75,34.450000000000045,3.4000000000000004,24.600000000000023,24.600000000000023,3331.300000000004,27.25,T41,Winter Wheat,2024,Othello,24OTHW,"46.788972, -119.039111"
2024-09-08,0.0,43.0,11.4,201.3,14.850000000000023,31.25,2.7,23.05000000000001,23.05000000000001,3354.350000000004,27.2,T41,Winter Wheat,2024,Othello,24OTHW,"46.788972, -119.039111"
2024-09-09,0.0,57.800000000000004,17.1,229.60000000000002,14.050000000000011,30.75,3.3000000000000003,22.400000000000006,22.400000000000006,3376.750000000004,37.45,T41,Winter Wheat,2024,Othello,24OTHW,"46.788972, -119.039111"
2024-09-10,0.0,59.300000000000004,18.900000000000002,224.10000000000002,12.850000000000023,28.55000000000001,2.7,20.700000000000017,20.700000000000017,3397.450000000004,39.1,T41,Winter Wheat,2024,Othello,24OTHW,"46.788972, -119.039111"
2024-09-11,0.7000000000000001,84.7,37.800000000000004,118.0,11.25,23.350000000000023,3.6,17.30000000000001,17.30000000000001,3414.750000000004,61.25,T41,Winter Wheat,2024,Othello,24OTHW,"46.788972, -119.039111"
2024-09-12,0.0,83.60000000000001,36.2,215.3,11.650000000000034,24.150000000000034,3.9000000000000004,17.900000000000034,17.900000000000034,3432.650000000004,59.900000000000006,T41,Winter Wheat,2024,Othello,24OTHW,"46.788972, -119.039111"
2024-09-13,0.0,75.60000000000001,32.1,218.0,11.75,24.25,2.9000000000000004,18.0,18.0,3450.650000000004,53.85000000000001,T41,Winter Wheat,2024,Othello,24OTHW,"46.788972, -119.039111"
2024-09-14,0.30000000000000004,80.9,27.5,196.20000000000002,9.850000000000023,25.55000000000001,2.6,17.700000000000017,17.700000000000017,3468.350000000004,54.2,T41,Winter Wheat,2024,Othello,24OTHW,"46.788972, -119.039111"
2024-09-15,0.0,87.60000000000001,38.5,147.9,8.950000000000045,21.150000000000034,2.0,15.05000000000004,15.05000000000004,3483.400000000004,63.050000000000004,T41,Winter Wheat,2024,Othello,24OTHW,"46.788972, -119.039111"
2024-09-16,0.0,96.9,27.3,195.10000000000002,7.650000000000034,26.350000000000023,1.8,17.00000000000003,17.00000000000003,3500.400000000004,62.1,T41,Winter Wheat,2024,Othello,24OTHW,"46.788972, -119.039111"
2024-09-17,0.0,100.0,32.300000000000004,191.9,6.850000000000023,24.25,2.5,15.550000000000011,15.550000000000011,3515.9500000000044,66.15,T41,Winter Wheat,2024,Othello,24OTHW,"46.788972, -119.039111"
2024-09-18,0.0,93.2,32.2,207.4,9.350000000000023,25.25,2.7,17.30000000000001,17.30000000000001,3533.2500000000045,62.7,T41,Winter Wheat,2024,Othello,24OTHW,"46.788972, -119.039111"
2024-09-19,0.0,87.4,27.8,199.70000000000002,8.75,25.55000000000001,3.2,17.150000000000006,17.150000000000006,3550.4000000000046,57.6,T41,Winter Wheat,2024,Othello,24OTHW,"46.788972, -119.039111"
2024-09-20,0.0,81.5,23.1,205.4,5.9500000000000455,23.75,2.9000000000000004,14.850000000000023,14.850000000000023,3565.2500000000045,52.3,T41,Winter Wheat,2024,Othello,24OTHW,"46.788972, -119.039111"
2024-09-21,0.0,68.9,17.8,201.4,5.350000000000023,23.650000000000034,1.8,14.500000000000028,14.500000000000028,3579.7500000000045,43.35,T41,Winter Wheat,2024,Othello,24OTHW,"46.788972, -119.039111"
2024-09-22,0.0,59.2,15.100000000000001,198.9,7.9500000000000455,25.950000000000045,2.1,16.950000000000045,16.950000000000045,3596.7000000000044,37.150000000000006,T41,Winter Wheat,2024,Othello,24OTHW,"46.788972, -119.039111"
2024-09-23,0.0,81.10000000000001,26.400000000000002,176.20000000000002,11.25,27.75,2.0,19.5,19.5,3616.2000000000044,53.75000000000001,T41,Winter Wheat,2024,Othello,24OTHW,"46.788972, -119.039111"
2024-09-24,0.0,85.60000000000001,25.200000000000003,189.4,13.150000000000034,31.55000000000001,1.5,22.350000000000023,22.350000000000023,3638.5500000000043,55.400000000000006,T41,Winter Wheat,2024,Othello,24OTHW,"46.788972, -119.039111"
2024-09-25,0.0,100.0,24.1,150.4,8.550000000000011,30.25,5.5,19.400000000000006,19.400000000000006,3657.9500000000044,62.05,T41,Winter Wheat,2024,Othello,24OTHW,"46.788972, -119.039111"
2024-09-26,0.0,85.2,32.2,168.8,7.150000000000034,21.25,3.5,14.200000000000017,14.200000000000017,3672.150000000004,58.7,T41,Winter Wheat,2024,Othello,24OTHW,"46.788972, -119.039111"
2024-09-27,0.0,87.30000000000001,24.5,186.3,7.550000000000011,25.950000000000045,2.8000000000000003,16.75000000000003,16.75000000000003,3688.900000000004,55.900000000000006,T41,Winter Wheat,2024,Othello,24OTHW,"46.788972, -119.039111"
2024-09-28,0.0,90.7,27.0,184.9,8.450000000000045,26.25,2.5,17.350000000000023,17.350000000000023,3706.250000000004,58.85,T41,Winter Wheat,2024,Othello,24OTHW,"46.788972, -119.039111"
2024-09-29,0.0,96.0,27.700000000000003,190.10000000000002,2.0500000000000114,19.650000000000034,5.0,10.850000000000023,10.850000000000023,3717.100000000004,61.85,T41,Winter Wheat,2024,Othello,24OTHW,"46.788972, -119.039111"
2024-09-30,0.0,70.5,14.0,183.60000000000002,0.4500000000000455,19.350000000000023,1.2000000000000002,9.900000000000034,9.900000000000034,3727.000000000004,42.25,T41,Winter Wheat,2024,Othello,24OTHW,"46.788972, -119.039111"
2024-10-01,0.0,59.5,10.3,179.4,3.150000000000034,22.55000000000001,2.2,12.850000000000023,12.850000000000023,3739.850000000004,34.9,T41,Winter Wheat,2024,Othello,24OTHW,"46.788972, -119.039111"
2024-10-02,0.0,68.60000000000001,15.600000000000001,181.20000000000002,2.8500000000000227,20.450000000000045,3.5,11.650000000000034,11.650000000000034,3751.500000000004,42.10000000000001,T41,Winter Wheat,2024,Othello,24OTHW,"46.788972, -119.039111"
2024-10-03,0.0,76.60000000000001,14.700000000000001,177.0,0.75,20.55000000000001,1.9000000000000001,10.650000000000006,10.650000000000006,3762.150000000004,45.650000000000006,T41,Winter Wheat,2024,Othello,24OTHW,"46.788972, -119.039111"
2024-10-04,0.0,83.5,27.1,104.5,2.75,17.150000000000034,3.2,9.950000000000017,9.950000000000017,3772.100000000004,55.3,T41,Winter Wheat,2024,Othello,24OTHW,"46.788972, -119.039111"
2024-10-05,0.0,90.9,26.1,153.70000000000002,3.8500000000000227,20.25,1.9000000000000001,12.050000000000011,12.050000000000011,3784.150000000004,58.5,T41,Winter Wheat,2024,Othello,24OTHW,"46.788972, -119.039111"
2024-10-06,0.0,73.4,19.1,170.70000000000002,4.75,21.450000000000045,1.3,13.100000000000023,13.100000000000023,3797.250000000004,46.25,T41,Winter Wheat,2024,Othello,24OTHW,"46.788972, -119.039111"
2024-10-07,0.0,72.60000000000001,15.8,168.0,5.550000000000011,24.350000000000023,0.8,14.950000000000017,14.950000000000017,3812.200000000004,44.2,T41,Winter Wheat,2024,Othello,24OTHW,"46.788972, -119.039111"
2024-10-08,0.0,75.0,18.7,149.9,7.350000000000023,24.950000000000045,2.0,16.150000000000034,16.150000000000034,3828.350000000004,46.85,T41,Winter Wheat,2024,Othello,24OTHW,"46.788972, -119.039111"
2024-10-09,0.0,100.0,32.1,122.10000000000001,4.350000000000023,20.950000000000045,3.4000000000000004,12.650000000000034,12.650000000000034,3841.000000000004,66.05,T41,Winter Wheat,2024,Othello,24OTHW,"46.788972, -119.039111"
2024-10-10,0.0,88.9,23.200000000000003,164.70000000000002,2.0500000000000114,19.350000000000023,1.9000000000000001,10.700000000000017,10.700000000000017,3851.700000000004,56.050000000000004,T41,Winter Wheat,2024,Othello,24OTHW,"46.788972, -119.039111"
2024-10-11,0.0,69.4,19.5,122.10000000000001,3.0500000000000114,18.350000000000023,2.0,10.700000000000017,10.700000000000017,3862.4000000000037,44.45,T41,Winter Wheat,2024,Othello,24OTHW,"46.788972, -119.039111"
2024-10-12,0.0,73.5,16.3,146.5,5.350000000000023,23.950000000000045,2.6,14.650000000000034,14.650000000000034,3877.050000000004,44.9,T41,Winter Wheat,2024,Othello,24OTHW,"46.788972, -119.039111"
2024-10-13,0.0,84.4,21.6,152.9,4.75,22.350000000000023,0.8,13.550000000000011,13.550000000000011,3890.600000000004,53.0,T41,Winter Wheat,2024,Othello,24OTHW,"46.788972, -119.039111"
2024-10-14,0.0,89.60000000000001,23.8,149.1,5.850000000000023,23.450000000000045,2.5,14.650000000000034,14.650000000000034,3905.250000000004,56.7,T41,Winter Wheat,2024,Othello,24OTHW,"46.788972, -119.039111"
2024-10-15,0.6000000000000001,91.30000000000001,34.800000000000004,139.4,9.050000000000011,22.350000000000023,3.0,15.700000000000017,15.700000000000017,3920.950000000004,63.05000000000001,T41,Winter Wheat,2024,Othello,24OTHW,"46.788972, -119.039111"
2024-10-16,0.4,100.0,39.6,108.80000000000001,4.4500000000000455,17.650000000000034,4.5,11.05000000000004,11.05000000000004,3932.000000000004,69.8,T41,Winter Wheat,2024,Othello,24OTHW,"46.788972, -119.039111"
2024-10-17,0.0,94.2,30.400000000000002,118.7,0.35000000000002274,15.050000000000011,3.1,7.700000000000017,7.700000000000017,3939.700000000004,62.300000000000004,T41,Winter Wheat,2024,Othello,24OTHW,"46.788972, -119.039111"
2024-10-18,0.0,89.10000000000001,32.4,97.30000000000001,0.35000000000002274,13.350000000000023,3.3000000000000003,6.850000000000023,6.850000000000023,3946.550000000004,60.75,T41,Winter Wheat,2024,Othello,24OTHW,"46.788972, -119.039111"
2024-10-19,0.0,78.80000000000001,35.300000000000004,71.10000000000001,9.350000000000023,19.950000000000045,4.4,14.650000000000034,14.650000000000034,3961.200000000004,57.05000000000001,T41,Winter Wheat,2024,Othello,24OTHW,"46.788972, -119.039111"
2024-10-20,3.2,83.2,26.0,127.60000000000001,8.650000000000034,24.150000000000034,4.2,16.400000000000034,16.400000000000034,3977.600000000004,54.6,T41,Winter Wheat,2024,Othello,24OTHW,"46.788972, -119.039111"
2024-10-21,0.0,100.0,57.300000000000004,106.9,2.5500000000000114,16.05000000000001,3.9000000000000004,9.300000000000011,9.300000000000011,3986.900000000004,78.65,T41,Winter Wheat,2024,Othello,24OTHW,"46.788972, -119.039111"
2024-10-22,0.0,100.0,36.7,137.0,0.25,14.550000000000011,2.0,7.400000000000006,7.400000000000006,3994.3000000000043,68.35,T41,Winter Wheat,2024,Othello,24OTHW,"46.788972, -119.039111"
2024-10-23,0.0,97.80000000000001,39.5,135.5,-1.0499999999999545,10.850000000000023,2.1,4.900000000000034,4.900000000000034,3999.2000000000044,68.65,T41,Winter Wheat,2024,Othello,24OTHW,"46.788972, -119.039111"
2024-10-24,0.0,92.9,34.2,131.9,-0.8499999999999659,12.050000000000011,2.1,5.600000000000023,5.600000000000023,4004.8000000000043,63.550000000000004,T41,Winter Wheat,2024,Othello,24OTHW,"46.788972, -119.039111"
2024-10-25,0.0,79.80000000000001,27.400000000000002,111.4,1.3500000000000227,14.75,2.3000000000000003,8.050000000000011,8.050000000000011,4012.8500000000045,53.60000000000001,T41,Winter Wheat,2024,Othello,24OTHW,"46.788972, -119.039111"
2024-10-26,1.5,88.2,23.5,115.10000000000001,2.75,19.850000000000023,2.1,11.300000000000011,11.300000000000011,4024.1500000000046,55.85,T41,Winter Wheat,2024,Othello,24OTHW,"46.788972, -119.039111"
2024-10-27,0.0,100.0,44.400000000000006,83.30000000000001,3.650000000000034,16.150000000000034,5.4,9.900000000000034,9.900000000000034,4034.0500000000047,72.2,T41,Winter Wheat,2024,Othello,24OTHW,"46.788972, -119.039111"
2024-10-28,0.0,100.0,40.6,69.0,-0.049999999999954525,13.450000000000045,4.0,6.7000000000000455,6.7000000000000455,4040.7500000000045,70.3,T41,Winter Wheat,2024,Othello,24OTHW,"46.788972, -119.039111"
2024-10-29,0.0,100.0,40.1,119.9,-1.4499999999999886,12.75,2.2,5.650000000000006,5.650000000000006,4046.4000000000046,70.05,T41,Winter Wheat,2024,Othello,24OTHW,"46.788972, -119.039111"
2024-10-30,1.6,100.0,51.0,102.30000000000001,0.05000000000001137,9.650000000000034,2.7,4.850000000000023,4.850000000000023,4051.2500000000045,75.5,T41,Winter Wheat,2024,Othello,24OTHW,"46.788972, -119.039111"
2024-10-31,3.8000000000000003,93.30000000000001,58.800000000000004,73.8,3.3500000000000227,9.850000000000023,3.1,6.600000000000023,6.600000000000023,4057.8500000000045,76.05000000000001,T41,Winter Wheat,2024,Othello,24OTHW,"46.788972, -119.039111"
2024-11-01,6.2,89.80000000000001,76.10000000000001,43.2,6.9500000000000455,9.550000000000011,3.0,8.250000000000028,8.250000000000028,4066.1000000000045,82.95000000000002,T41,Winter Wheat,2024,Othello,24OTHW,"46.788972, -119.039111"
2024-11-02,0.0,100.0,51.800000000000004,47.5,1.3500000000000227,13.450000000000045,3.9000000000000004,7.400000000000034,7.400000000000034,4073.5000000000045,75.9,T41,Winter Wheat,2024,Othello,24OTHW,"46.788972, -119.039111"
2024-11-03,0.0,100.0,40.7,87.60000000000001,0.35000000000002274,13.850000000000023,2.7,7.100000000000023,7.100000000000023,4080.6000000000045,70.35,T41,Winter Wheat,2024,Othello,24OTHW,"46.788972, -119.039111"
2024-11-04,1.4000000000000001,88.4,43.2,49.1,3.650000000000034,13.350000000000023,5.4,8.500000000000028,8.500000000000028,4089.1000000000045,65.80000000000001,T41,Winter Wheat,2024,Othello,24OTHW,"46.788972, -119.039111"
2024-11-05,0.0,95.0,31.700000000000003,98.7,-2.25,11.950000000000045,2.7,4.850000000000023,4.850000000000023,4093.9500000000044,63.35,T41,Winter Wheat,2024,Othello,24OTHW,"46.788972, -119.039111"
2024-11-06,0.0,83.0,29.700000000000003,93.2,-2.1499999999999773,10.75,1.2000000000000002,4.300000000000011,4.300000000000011,4098.250000000005,56.35,T41,Winter Wheat,2024,Othello,24OTHW,"46.788972, -119.039111"
2024-11-07,0.0,84.4,32.300000000000004,93.30000000000001,-1.6499999999999773,10.550000000000011,0.9,4.450000000000017,4.450000000000017,4102.700000000004,58.35000000000001,T41,Winter Wheat,2024,Othello,24OTHW,"46.788972, -119.039111"
2024-11-08,0.0,86.30000000000001,35.6,86.4,-1.4499999999999886,9.950000000000045,0.5,4.250000000000028,4.250000000000028,4106.950000000004,60.95,T41,Winter Wheat,2024,Othello,24OTHW,"46.788972, -119.039111"
2024-11-09,0.8,88.7,45.800000000000004,65.7,-0.049999999999954525,8.75,0.7000000000000001,4.350000000000023,4.350000000000023,4111.300000000005,67.25,T41,Winter Wheat,2024,Othello,24OTHW,"46.788972, -119.039111"
2024-11-10,0.4,80.5,57.5,52.7,4.4500000000000455,9.050000000000011,1.2000000000000002,6.750000000000028,6.750000000000028,4118.050000000005,69.0,T41,Winter Wheat,2024,Othello,24OTHW,"46.788972, -119.039111"
2024-11-11,0.0,86.7,44.1,77.10000000000001,3.25,12.350000000000023,3.5,7.800000000000011,7.800000000000011,4125.850000000005,65.4,T41,Winter Wheat,2024,Othello,24OTHW,"46.788972, -119.039111"
2024-11-12,5.6000000000000005,80.30000000000001,37.2,80.9,3.4500000000000455,13.550000000000011,4.4,8.500000000000028,8.500000000000028,4134.350000000005,58.75000000000001,T41,Winter Wheat,2024,Othello,24OTHW,"46.788972, -119.039111"
2024-11-13,8.8,90.7,78.7,35.300000000000004,6.550000000000011,8.850000000000023,3.9000000000000004,7.700000000000017,7.700000000000017,4142.050000000005,84.7,T41,Winter Wheat,2024,Othello,24OTHW,"46.788972, -119.039111"
2024-11-14,0.0,100.0,53.2,79.60000000000001,0.75,12.25,4.1000000000000005,6.5,6.5,4148.550000000005,76.6,T41,Winter Wheat,2024,Othello,24OTHW,"46.788972, -119.039111"
2024-11-15,0.0,99.2,43.5,76.80000000000001,-0.75,10.350000000000023,2.7,4.800000000000011,4.800000000000011,4153.350000000005,71.35,T41,Winter Wheat,2024,Othello,24OTHW,"46.788972, -119.039111"
2024-11-16,0.7000000000000001,95.60000000000001,54.2,69.60000000000001,-1.849999999999966,5.850000000000023,3.0,2.0000000000000284,2.0000000000000284,4155.350000000005,74.9,T41,Winter Wheat,2024,Othello,24OTHW,"46.788972, -119.039111"
2024-11-17,1.3,100.0,54.800000000000004,46.400000000000006,0.35000000000002274,12.450000000000045,4.800000000000001,6.400000000000034,6.400000000000034,4161.750000000005,77.4,T41,Winter Wheat,2024,Othello,24OTHW,"46.788972, -119.039111"
2024-11-18,0.0,100.0,52.1,77.80000000000001,-1.5499999999999545,7.550000000000011,4.1000000000000005,3.0000000000000284,3.0000000000000284,4164.750000000005,76.05,T41,Winter Wheat,2024,Othello,24OTHW,"46.788972, -119.039111"
2024-11-19,11.700000000000001,83.2,50.6,56.0,-0.049999999999954525,6.550000000000011,2.8000000000000003,3.2500000000000284,3.2500000000000284,4168.000000000005,66.9,T41,Winter Wheat,2024,Othello,24OTHW,"46.788972, -119.039111"
2024-11-20,3.4000000000000004,98.0,63.6,37.0,2.75,8.950000000000045,2.7,5.850000000000023,5.850000000000023,4173.850000000005,80.8,T41,Winter Wheat,2024,Othello,24OTHW,"46.788972, -119.039111"
2024-11-21,13.100000000000001,100.0,82.10000000000001,26.700000000000003,2.9500000000000455,7.25,1.3,5.100000000000023,5.100000000000023,4178.950000000005,91.05000000000001,T41,Winter Wheat,2024,Othello,24OTHW,"46.788972, -119.039111"
2024-11-22,6.5,95.5,74.4,30.6,4.75,8.550000000000011,1.7000000000000002,6.650000000000006,6.650000000000006,4185.600000000005,84.95,T41,Winter Wheat,2024,Othello,24OTHW,"46.788972, -119.039111"
2024-11-23,0.4,100.0,75.4,55.7,0.35000000000002274,7.9500000000000455,2.0,4.150000000000034,4.150000000000034,4189.750000000005,87.7,T41,Winter Wheat,2024,Othello,24OTHW,"46.788972, -119.039111"
2024-11-24,2.3000000000000003,100.0,69.8,46.800000000000004,-0.14999999999997726,5.650000000000034,2.0,2.7500000000000284,2.7500000000000284,4192.500000000005,84.9,T41,Winter Wheat,2024,Othello,24OTHW,"46.788972, -119.039111"
2024-11-25,0.0,97.9,58.900000000000006,41.5,0.4500000000000455,7.550000000000011,1.3,4.000000000000028,4.000000000000028,4196.500000000005,78.4,T41,Winter Wheat,2024,Othello,24OTHW,"46.788972, -119.039111"
2024-11-26,0.0,100.0,57.5,71.9,-1.25,6.650000000000034,2.0,2.700000000000017,2.700000000000017,4199.200000000004,78.75,T41,Winter Wheat,2024,Othello,24OTHW,"46.788972, -119.039111"
2024-11-27,0.0,93.9,73.0,70.0,-1.5499999999999545,2.150000000000034,1.6,0.3000000000000398,0.3000000000000398,4199.500000000005,83.45,T41,Winter Wheat,2024,Othello,24OTHW,"46.788972, -119.039111"
2024-11-28,0.0,86.7,79.60000000000001,71.60000000000001,-1.5499999999999545,-0.049999999999954525,0.6000000000000001,-0.7999999999999545,0.0,4199.500000000005,83.15,T41,Winter Wheat,2024,Othello,24OTHW,"46.788972, -119.039111"
2024-11-29,0.0,81.10000000000001,73.8,69.7,-1.0499999999999545,0.4500000000000455,0.5,-0.2999999999999545,0.0,4199.500000000005,77.45,T41,Winter Wheat,2024,Othello,24OTHW,"46.788972, -119.039111"
2024-11-30,0.0,83.9,79.30000000000001,41.2,-0.8499999999999659,1.0500000000000114,0.6000000000000001,0.10000000000002274,0.10000000000002274,4199.600000000005,81.60000000000001,T41,Winter Wheat,2024,Othello,24OTHW,"46.788972, -119.039111"
2024-12-01,0.0,77.80000000000001,70.0,65.8,-0.049999999999954525,2.4500000000000455,1.6,1.2000000000000455,1.2000000000000455,4200.800000000005,73.9,T41,Winter Wheat,2024,Othello,24OTHW,"46.788972, -119.039111"
2024-12-02,0.0,72.10000000000001,70.10000000000001,67.5,-0.14999999999997726,1.25,0.7000000000000001,0.5500000000000114,0.5500000000000114,4201.350000000005,71.10000000000001,T41,Winter Wheat,2024,Othello,24OTHW,"46.788972, -119.039111"
2024-12-03,0.0,68.8,68.7,66.4,-0.25,0.75,1.0,0.25,0.25,4201.600000000005,68.75,T41,Winter Wheat,2024,Othello,24OTHW,"46.788972, -119.039111"
2024-12-04,0.0,67.8,67.8,65.5,-0.8499999999999659,-0.049999999999954525,0.8,-0.4499999999999602,0.0,4201.600000000005,67.8,T41,Winter Wheat,2024,Othello,24OTHW,"46.788972, -119.039111"
2024-12-05,0.0,65.7,65.4,65.0,-0.9499999999999886,0.05000000000001137,0.8,-0.44999999999998863,0.0,4201.600000000005,65.55000000000001,T41,Winter Wheat,2024,Othello,24OTHW,"46.788972, -119.039111"
2024-12-06,0.0,71.7,70.3,46.800000000000004,-1.5499999999999545,-0.25,0.7000000000000001,-0.8999999999999773,0.0,4201.600000000005,71.0,T41,Winter Wheat,2024,Othello,24OTHW,"46.788972, -119.039111"
2024-12-07,1.5,91.80000000000001,80.9,23.0,-1.849999999999966,1.0500000000000114,1.6,-0.39999999999997726,0.0,4201.600000000005,86.35000000000001,T41,Winter Wheat,2024,Othello,24OTHW,"46.788972, -119.039111"
2024-12-08,0.0,98.4,52.800000000000004,22.400000000000002,-3.349999999999966,6.150000000000034,2.6,1.400000000000034,1.400000000000034,4203.000000000005,75.60000000000001,T41,Winter Wheat,2024,Othello,24OTHW,"46.788972, -119.039111"
2024-12-09,0.0,95.10000000000001,61.800000000000004,63.400000000000006,-3.849999999999966,3.0500000000000114,0.9,-0.39999999999997726,0.0,4203.000000000005,78.45,T41,Winter Wheat,2024,Othello,24OTHW,"46.788972, -119.039111"
2024-12-10,0.0,73.9,73.60000000000001,63.0,-1.349999999999966,-0.25,1.0,-0.799999999999983,0.0,4203.000000000005,73.75,T41,Winter Wheat,2024,Othello,24OTHW,"46.788972, -119.039111"
2024-12-11,0.0,78.9,78.9,59.0,-1.0499999999999545,-0.25,1.2000000000000002,-0.6499999999999773,0.0,4203.000000000005,78.9,T41,Winter Wheat,2024,Othello,24OTHW,"46.788972, -119.039111"
2024-12-12,0.8,83.4,64.8,26.900000000000002,-0.8499999999999659,3.650000000000034,1.3,1.400000000000034,1.400000000000034,4204.400000000004,74.1,T41,Winter Wheat,2024,Othello,24OTHW,"46.788972, -119.039111"
2024-12-13,5.0,88.10000000000001,72.4,40.6,-0.049999999999954525,3.75,1.4000000000000001,1.8500000000000227,1.8500000000000227,4206.250000000005,80.25,T41,Winter Wheat,2024,Othello,24OTHW,"46.788972, -119.039111"
2024-12-14,0.0,95.0,56.300000000000004,48.300000000000004,-0.049999999999954525,8.25,1.8,4.100000000000023,4.100000000000023,4210.350000000005,75.65,T41,Winter Wheat,2024,Othello,24OTHW,"46.788972, -119.039111"
2024-12-15,0.8,88.5,54.5,50.6,-0.3499999999999659,7.350000000000023,2.9000000000000004,3.5000000000000284,3.5000000000000284,4213.850000000005,71.5,T41,Winter Wheat,2024,Othello,24OTHW,"46.788972, -119.039111"
2024-12-16,3.2,84.2,79.10000000000001,28.400000000000002,0.35000000000002274,2.3500000000000227,1.4000000000000001,1.3500000000000227,1.3500000000000227,4215.200000000005,81.65,T41,Winter Wheat,2024,Othello,24OTHW,"46.788972, -119.039111"
2024-12-17,8.3,86.80000000000001,69.3,23.900000000000002,0.9500000000000455,5.150000000000034,1.2000000000000002,3.05000000000004,3.05000000000004,4218.2500000000055,78.05000000000001,T41,Winter Wheat,2024,Othello,24OTHW,"46.788972, -119.039111"
2024-12-18,0.0,100.0,52.5,53.1,1.150000000000034,11.650000000000034,4.2,6.400000000000034,6.400000000000034,4224.650000000005,76.25,T41,Winter Wheat,2024,Othello,24OTHW,"46.788972, -119.039111"
2024-12-19,0.0,98.30000000000001,62.900000000000006,35.4,-0.14999999999997726,7.150000000000034,1.5,3.5000000000000284,3.5000000000000284,4228.150000000005,80.60000000000001,T41,Winter Wheat,2024,Othello,24OTHW,"46.788972, -119.039111"
2024-12-20,0.6000000000000001,100.0,67.8,43.5,-0.9499999999999886,5.550000000000011,1.2000000000000002,2.3000000000000114,2.3000000000000114,4230.450000000005,83.9,T41,Winter Wheat,2024,Othello,24OTHW,"46.788972, -119.039111"
2024-12-21,3.1,98.7,80.0,26.1,-0.44999999999998863,3.650000000000034,1.9000000000000001,1.6000000000000227,1.6000000000000227,4232.050000000006,89.35,T41,Winter Wheat,2024,Othello,24OTHW,"46.788972, -119.039111"
2024-12-22,3.1,100.0,84.10000000000001,29.700000000000003,0.35000000000002274,4.4500000000000455,1.7000000000000002,2.400000000000034,2.400000000000034,4234.450000000005,92.05000000000001,T41,Winter Wheat,2024,Othello,24OTHW,"46.788972, -119.039111"
2024-12-23,8.1,96.9,72.10000000000001,59.5,2.4500000000000455,7.75,2.3000000000000003,5.100000000000023,5.100000000000023,4239.550000000006,84.5,T41,Winter Wheat,2024,Othello,24OTHW,"46.788972, -119.039111"
2024-12-24,3.0,100.0,84.7,43.6,-0.5499999999999545,6.350000000000023,2.1,2.900000000000034,2.900000000000034,4242.450000000005,92.35,T41,Winter Wheat,2024,Othello,24OTHW,"46.788972, -119.039111"
2024-12-25,16.8,100.0,69.8,47.1,-0.3499999999999659,5.9500000000000455,2.4000000000000004,2.80000000000004,2.80000000000004,4245.2500000000055,84.9,T41,Winter Wheat,2024,Othello,24OTHW,"46.788972, -119.039111"
2024-12-26,2.4000000000000004,90.80000000000001,54.7,42.400000000000006,3.150000000000034,11.350000000000023,5.7,7.250000000000028,7.250000000000028,4252.5000000000055,72.75,T41,Winter Wheat,2024,Othello,24OTHW,"46.788972, -119.039111"
2024-12-27,2.2,84.60000000000001,74.4,21.0,3.5500000000000114,6.4500000000000455,2.2,5.000000000000028,5.000000000000028,4257.5000000000055,79.5,T41,Winter Wheat,2024,Othello,24OTHW,"46.788972, -119.039111"
2024-12-28,4.9,78.5,51.0,60.0,4.150000000000034,11.150000000000034,4.3,7.650000000000034,7.650000000000034,4265.150000000005,64.75,T41,Winter Wheat,2024,Othello,24OTHW,"46.788972, -119.039111"
2024-12-29,2.3000000000000003,95.80000000000001,73.2,15.3,1.3500000000000227,6.25,2.6,3.8000000000000114,3.8000000000000114,4268.950000000005,84.5,T41,Winter Wheat,2024,Othello,24OTHW,"46.788972, -119.039111"
2024-12-30,0.0,95.10000000000001,56.1,48.2,-1.5499999999999545,6.75,2.4000000000000004,2.6000000000000227,2.6000000000000227,4271.550000000006,75.60000000000001,T41,Winter Wheat,2024,Othello,24OTHW,"46.788972, -119.039111"
2024-12-31,0.30000000000000004,95.7,87.2,33.1,-1.849999999999966,1.0500000000000114,1.4000000000000001,-0.39999999999997726,0.0,4271.550000000006,91.45,T41,Winter Wheat,2024,Othello,24OTHW,"46.788972, -119.039111"
