Gregorian day,R2,MSE,MAE,pr,rmax,rmin,srad,tmin,tmax,ws,tavg,gdd,cgdd,ravg
122,0.254276872,0.056145705,0.203799158,0,83.9,23.4,338.4,0.05,17.25,2.8,8.65,8.65,1116.25,53.65
123,0.43882823,0.042250782,0.183450773,0,76.4,18.4,336,1.05,19.95,2,10.5,10.5,1126.75,47.4
124,0.532799482,0.035175659,0.174786836,0,90.5,23.4,333.1,2.85,21.75,2.4,12.3,12.3,1139.05,56.95
125,0.570232511,0.032357316,0.165775567,0.9,71.7,39.2,159.6,10.15,18.65,3.7,14.4,14.4,1153.45,55.45
126,0.578160763,0.031760391,0.15703851,6.7,100,78.6,160.2,5.85,12.45,4.4,9.15,9.15,1162.6,89.3
127,0.609219313,0.029421985,0.14742665,0,97.4,36.7,267.2,3.95,18.05,6.2,11,11,1173.6,67.05
128,0.644496143,0.026765984,0.137985349,0,79.4,27,331.3,3.55,18.35,4.8,10.95,10.95,1184.55,53.2
129,0.662478447,0.025412094,0.130729154,0,76.3,20.4,331.5,3.75,21.65,1.8,12.7,12.7,1197.25,48.35
130,0.660152972,0.025587177,0.131005734,0,87.3,19.5,345,5.45,26.55,2.7,16,16,1213.25,53.4
131,0.642322063,0.026929673,0.135182559,0,81.1,20.5,344.5,10.05,29.85,1.3,19.95,19.95,1233.2,50.8
132,0.615516126,0.028947899,0.141381577,0,77.3,19.9,346.6,11.35,30.85,2,21.1,21.1,1254.3,48.6
133,0.581130445,0.031536806,0.147840112,0,72.8,18.5,350.4,11.45,30.85,2.7,21.15,21.15,1275.45,45.65
134,0.555381835,0.033475425,0.153272033,0,79,24.4,332,9.75,26.55,4,18.15,18.15,1293.6,51.7
135,0.552940488,0.033659235,0.154228181,0,77.1,21.9,350.2,8.95,26.75,2.3,17.85,17.85,1311.45,49.5
136,0.568593144,0.032480743,0.150614396,0,75.2,21.7,344.3,10.55,28.25,2.6,19.4,19.4,1330.85,48.45
137,0.600759327,0.030058941,0.144306421,0,84.6,23.9,340.7,9.45,27.75,5.2,18.6,18.6,1349.45,54.25
138,0.636144221,0.027394805,0.138477355,0,78.4,24.4,363.7,3.95,19.95,5.4,11.95,11.95,1361.4,51.4
139,0.668532729,0.024956265,0.131938189,0,77.3,23.1,312.5,3.85,20.35,3.5,12.1,12.1,1373.5,50.2
140,0.687014461,0.023564767,0.129308343,0,73.3,24.1,313.8,5.25,20.45,3.6,12.85,12.85,1386.35,48.7
141,0.708073556,0.021979224,0.123859271,0,77.9,21.6,364,5.15,22.85,2.9,14,14,1400.35,49.75
142,0.694031239,0.023036476,0.11653538,2.5,84.7,39,189.3,5.95,17.05,3.7,11.5,11.5,1411.85,61.85
143,0.679390371,0.02413879,0.122817278,1.2,95.5,49.5,198.5,5.35,15.05,4.4,10.2,10.2,1422.05,72.5
144,0.676294804,0.024371851,0.126232415,0,96.4,32,361.7,5.55,21.55,2.7,13.55,13.55,1435.6,64.2
145,0.736926854,0.019806851,0.113958851,0,87.8,27.1,291.8,6.25,23.05,3.3,14.65,14.65,1450.25,57.45
146,0.804865479,0.014691733,0.094388559,0,87.1,30.5,292.2,5.25,20.15,4.9,12.7,12.7,1462.95,58.8
147,0.855208397,0.010901398,0.079598047,0,89,27.3,285.1,5.15,21.95,2.9,13.55,13.55,1476.5,58.15
148,0.877183318,0.0092469,0.077334069,0,90.3,26.2,341.3,7.95,25.95,1.1,16.95,16.95,1493.45,58.25
149,0.859925807,0.010546225,0.080926575,0,100,31.1,267,6.55,24.25,3.9,15.4,15.4,1508.85,65.55
150,0.851319194,0.011194217,0.082619466,0,90.3,27.1,273.3,3.05,19.95,5,11.5,11.5,1520.35,58.7
151,0.815600216,0.013883512,0.091354832,0,86.4,24.5,373.1,2.95,20.45,2.1,11.7,11.7,1532.05,55.45
152,0.838288307,0.012175317,0.086856455,0,78.8,21.1,370.8,5.85,24.05,1,14.95,14.95,1547,49.95
153,0.830611825,0.012753283,0.094930574,0,72.1,24.3,245.8,10.35,25.65,2.6,18,18,1565,48.2
154,0.828838766,0.012886776,0.099312767,2,82.2,42.6,138.6,11.55,21.25,4.1,16.4,16.4,1581.4,62.4
155,0.820420325,0.013520604,0.100742102,0,85.8,40.9,263.3,9.95,20.85,6.5,15.4,15.4,1596.8,63.35
156,0.810159743,0.014293125,0.102750443,0,100,34.1,183.3,6.95,23.45,5.4,15.2,15.2,1612,67.05
157,0.799597025,0.015088399,0.105902359,0,95.7,28.1,370.5,6.75,24.55,2.3,15.65,15.65,1627.65,61.9
158,0.791938424,0.015665015,0.107224599,0,84,18,369.4,8.35,30.25,0.9,19.3,19.3,1646.95,51
159,0.775274515,0.016919646,0.108713366,0,78.3,20.5,367.5,11.05,30.25,2.3,20.65,20.65,1667.6,49.4
160,0.760076463,0.018063908,0.111814931,0,79.2,18.6,359.3,10.95,31.75,2.3,21.35,21.35,1688.95,48.9
161,0.742022276,0.019423218,0.11276456,0,78.8,27.3,294.9,12.75,28.25,1.8,20.5,20.5,1709.45,53.05
162,0.720080495,0.021075215,0.112070754,0,78.2,23.3,364.6,12.55,30.15,2.9,21.35,21.35,1730.8,50.75
163,0.691699505,0.023212029,0.115864635,0,87.6,17,355.6,6.95,30.15,4.3,18.55,18.55,1749.35,52.3
164,0.621130824,0.028525168,0.126839474,0,75,17.8,379.1,6.55,26.25,2.4,16.4,16.4,1765.75,46.4
165,0.326433539,0.05071301,0.175662726,0,69,13.9,353,8.35,30.05,1.3,19.2,19.2,1784.95,41.45
166,0.208383858,0.059601001,0.187448174,0,64.8,24.2,349.4,10.05,23.45,4.3,16.75,16.75,1801.7,44.5
167,0.152261734,0.063826457,0.188143849,0,85.4,26.8,191.1,4.25,20.45,5.8,12.35,12.35,1814.05,56.1
